{"train_set_before_training": 0.5021573182874212, "global_step": 5001, "average_loss": 0.13246592711313188, "train_set_after_training": 0.959983993597439, "test_set_after_training": {"f1-macro": 0.5823506152164305}}