{"train_set_before_training": 0.5051867219917012, "global_step": 251, "average_loss": 0.2738388322045158, "train_set_after_training": 0.70798755186722, "test_set_after_training": {"acc": 0.7107883817427386}}