{"train_set_before_training": 0.488, "global_step": 251, "average_loss": 0.34492223023945295, "train_set_after_training": 0.68, "test_set_after_training": {"acc": 0.6896265560165975}}