{"train_set_before_training": 0.5119294605809128, "global_step": 251, "average_loss": 0.24931275659724067, "train_set_after_training": 0.7012448132780082, "test_set_after_training": {"acc": 0.7087136929460581}}