{"train_set_before_training": 0.5, "global_step": 251, "average_loss": 0.34886787056090846, "train_set_after_training": 0.636, "test_set_after_training": {"acc": 0.6887966804979253}}