{"train_set_before_training": 0.475103734439834, "global_step": 5001, "average_loss": 0.07478868028535221, "train_set_after_training": 0.7051348547717843, "test_set_after_training": {"acc": 0.6991701244813278}}