{"train_set_before_training": 0.538, "global_step": 251, "average_loss": 0.2504611964858382, "train_set_after_training": 0.686, "test_set_after_training": {"acc": 0.712448132780083}}