{"train_set_before_training": 0.4943687018375815, "global_step": 251, "average_loss": 0.6439418562676802, "train_set_after_training": 0.7208061647895673, "test_set_after_training": {"acc": 0.7211618257261411}}