{"train_set_before_training": 0.512, "global_step": 251, "average_loss": 0.2947279414403451, "train_set_after_training": 0.632, "test_set_after_training": {"acc": 0.6896265560165975}}