{"train_set_before_training": 0.5003457814661134, "global_step": 251, "average_loss": 0.6371427099127693, "train_set_after_training": 0.708736745043799, "test_set_after_training": {"acc": 0.7257261410788381}}