{"train_set_before_training": 0.4975363070539419, "global_step": 251, "average_loss": 0.6689627007896681, "train_set_after_training": 0.7200466804979253, "test_set_after_training": {"acc": 0.7145228215767635}}