{"train_set_before_training": 0.522883025789102, "global_step": 251, "average_loss": 0.35431860371208024, "train_set_after_training": 0.9939999759999041, "test_set_after_training": {"f1-macro": 0.650375817676198}}