{"train_set_before_training": 0.49464038727524207, "global_step": 251, "average_loss": 0.6615754473375609, "train_set_after_training": 0.7200899031811895, "test_set_after_training": {"acc": 0.7112033195020747}}