{"train_set_before_training": 0.55, "global_step": 5001, "average_loss": 0.08953058128691654, "train_set_after_training": 0.71, "test_set_after_training": {"acc": 0.6219917012448133}}