{"train_set_before_training": 0.525, "global_step": 251, "average_loss": 0.5385430734381971, "train_set_after_training": 0.871, "test_set_after_training": {"acc": 0.7087136929460581}}