{"train_set_before_training": 0.5088174273858921, "global_step": 251, "average_loss": 0.41488711174208287, "train_set_after_training": 0.7289937759336099, "test_set_after_training": {"acc": 0.7195020746887967}}