{"train_set_before_training": 0.4916271487848251, "global_step": 5001, "average_loss": 0.004916758801005076, "train_set_after_training": 0.7176941315945465, "test_set_after_training": {"acc": 0.7215767634854772}}