{"train_set_before_training": 0.492, "global_step": 251, "average_loss": 0.6437124636959269, "train_set_after_training": 0.771, "test_set_after_training": {"acc": 0.6767634854771785}}