{"train_set_before_training": 0.492, "global_step": 251, "average_loss": 0.31474309890165525, "train_set_after_training": 0.68, "test_set_after_training": {"acc": 0.7012448132780082}}