{"train_set_before_training": 0.492, "global_step": 251, "average_loss": 0.34469376381906863, "train_set_after_training": 0.69, "test_set_after_training": {"acc": 0.6962655601659751}}