{"train_set_before_training": 0.4988329875518672, "global_step": 251, "average_loss": 0.6287575777902071, "train_set_after_training": 0.7184906639004149, "test_set_after_training": {"acc": 0.7174273858921162}}