{"train_set_before_training": 0.5035269709543568, "global_step": 251, "average_loss": 0.259883795391566, "train_set_after_training": 0.683298755186722, "test_set_after_training": {"acc": 0.6933609958506224}}