{"train_set_before_training": 0.4972337482710927, "global_step": 251, "average_loss": 0.2952865586920819, "train_set_after_training": 0.6998616874135546, "test_set_after_training": {"acc": 0.6921161825726141}}