{"train_set_before_training": 0.49, "global_step": 251, "average_loss": 0.38229305614426035, "train_set_after_training": 0.89, "test_set_after_training": {"acc": 0.6103734439834025}}