{"train_set_before_training": 0.5057053941908713, "global_step": 251, "average_loss": 0.23616225108728314, "train_set_after_training": 0.6867219917012448, "test_set_after_training": {"acc": 0.7045643153526971}}