{"train_set_before_training": 0.492, "global_step": 251, "average_loss": 0.6416836010804214, "train_set_after_training": 0.792, "test_set_after_training": {"acc": 0.6954356846473029}}