{"train_set_before_training": 0.49221991701244816, "global_step": 251, "average_loss": 0.2869832366151852, "train_set_after_training": 0.6934647302904564, "test_set_after_training": {"acc": 0.6983402489626556}}