{"train_set_before_training": 0.512, "global_step": 251, "average_loss": 0.3419360871690203, "train_set_after_training": 1.0, "test_set_after_training": {"acc": 0.6049792531120332}}