{"train_set_before_training": 0.538, "global_step": 251, "average_loss": 0.4605969632511951, "train_set_after_training": 0.744, "test_set_after_training": {"acc": 0.6871369294605809}}