{"train_set_before_training": 0.538, "global_step": 251, "average_loss": 0.45026434228414175, "train_set_after_training": 0.73, "test_set_after_training": {"acc": 0.7053941908713693}}