{"train_set_before_training": 0.4131533967930954, "global_step": 5001, "average_loss": 0.12960857809512558, "train_set_after_training": 0.7878778176229508, "test_set_after_training": {"f1-macro": 0.6920309304979513}}