{"train_set_before_training": 0.417917413857089, "global_step": 5001, "average_loss": 0.0072152593119532114, "train_set_after_training": 0.7258391649711244, "test_set_after_training": {"f1-macro": 0.7084693084693084}}