{"train_set_before_training": 0.4970176348547718, "global_step": 251, "average_loss": 0.6422561482485547, "train_set_after_training": 0.7066260373443983, "test_set_after_training": {"acc": 0.7066390041493776}}