{"train_set_before_training": 0.538, "global_step": 251, "average_loss": 0.2953968781164376, "train_set_after_training": 0.702, "test_set_after_training": {"acc": 0.7099585062240664}}