{"train_set_before_training": 0.4924792531120332, "global_step": 251, "average_loss": 0.2934715926753398, "train_set_after_training": 0.7069502074688797, "test_set_after_training": {"acc": 0.7016597510373443}}