{"train_set_before_training": 0.508, "global_step": 251, "average_loss": 0.26907769702555817, "train_set_after_training": 0.698, "test_set_after_training": {"acc": 0.7161825726141079}}