{"train_set_before_training": 0.3333333333333333, "global_step": 30, "average_loss": 0.20173190796000806, "train_set_after_training": 0.7916666666666665, "test_set_after_training": {"f1-macro": 0.445466402682491}}