{"train_set_before_training": 0.495850622406639, "global_step": 251, "average_loss": 0.6388173018437457, "train_set_after_training": 0.7593360995850622, "test_set_after_training": {"acc": 0.704149377593361}}