{"train_set_before_training": 0.5008428423236515, "global_step": 251, "average_loss": 0.633595633019964, "train_set_after_training": 0.7156379668049793, "test_set_after_training": {"acc": 0.7132780082987552}}