{"train_set_before_training": 0.47, "global_step": 251, "average_loss": 0.31969585156752783, "train_set_after_training": 0.69, "test_set_after_training": {"acc": 0.6074688796680497}}