{"train_set_before_training": 0.42518733586887625, "global_step": 5001, "average_loss": 0.009043368422215646, "train_set_after_training": 0.7595150029826541, "test_set_after_training": {"f1-macro": 0.7110038582122491}}