{"train_set_before_training": 0.5035269709543568, "global_step": 251, "average_loss": 0.2561238521141412, "train_set_after_training": 0.6886929460580913, "test_set_after_training": {"acc": 0.6991701244813278}}