{"train_set_before_training": 0.51, "global_step": 251, "average_loss": 0.31055227129820334, "train_set_after_training": 0.68, "test_set_after_training": {"acc": 0.6352697095435684}}