{"train_set_before_training": 0.35683820466543453, "global_step": 251, "average_loss": 0.625729325431514, "train_set_after_training": 0.7307058144555767, "test_set_after_training": {"f1-macro": 0.7126459578054889}}