{"train_set_before_training": 0.476, "global_step": 251, "average_loss": 0.5086291152000635, "train_set_after_training": 0.788, "test_set_after_training": {"acc": 0.6622406639004149}}