{"train_set_before_training": 0.476, "global_step": 251, "average_loss": 0.5278530699160113, "train_set_after_training": 0.756, "test_set_after_training": {"acc": 0.6614107883817427}}