{"train_set_before_training": 0.5, "global_step": 251, "average_loss": 0.059324008869508144, "train_set_after_training": 1.0, "test_set_after_training": {"acc": 0.4904564315352697}}