{"train_set_before_training": 0.51, "global_step": 251, "average_loss": 0.3140577589914451, "train_set_after_training": 0.65, "test_set_after_training": {"acc": 0.6161825726141079}}