{"train_set_before_training": 0.51, "global_step": 251, "average_loss": 0.2895835282411371, "train_set_after_training": 0.69, "test_set_after_training": {"acc": 0.6095435684647303}}