{"train_set_before_training": 0.492, "global_step": 251, "average_loss": 0.6655486774189301, "train_set_after_training": 0.774, "test_set_after_training": {"acc": 0.6950207468879668}}