{"train_set_before_training": 0.504, "global_step": 251, "average_loss": 0.28011265933451956, "train_set_after_training": 0.668, "test_set_after_training": {"acc": 0.7062240663900415}}