{"train_set_before_training": 0.504, "global_step": 251, "average_loss": 0.3240804722575764, "train_set_after_training": 0.672, "test_set_after_training": {"acc": 0.7062240663900415}}