{"train_set_before_training": 0.4924792531120332, "global_step": 5001, "average_loss": 0.004323211991446817, "train_set_after_training": 0.723893499308437, "test_set_after_training": {"acc": 0.7319502074688796}}