{"train_set_before_training": 0.51, "global_step": 251, "average_loss": 0.3534655166660951, "train_set_after_training": 0.702, "test_set_after_training": {"acc": 0.7103734439834025}}