{"train_set_before_training": 0.4951590594744122, "global_step": 251, "average_loss": 0.64752989597767, "train_set_after_training": 0.7059128630705395, "test_set_after_training": {"acc": 0.7128630705394191}}