{"train_set_before_training": 0.49221991701244816, "global_step": 251, "average_loss": 0.3013850080959714, "train_set_after_training": 0.703838174273859, "test_set_after_training": {"acc": 0.7116182572614108}}