{"train_set_before_training": 0.35683820466543453, "global_step": 2812, "average_loss": 0.2641382026882499, "train_set_after_training": 0.9451926251196361, "test_set_after_training": {"f1-macro": 0.8468246984477634}}