{"train_set_before_training": 0.488, "global_step": 251, "average_loss": 0.3783149004207026, "train_set_after_training": 0.69, "test_set_after_training": {"acc": 0.6970954356846473}}