{"train_set_before_training": 0.488, "global_step": 251, "average_loss": 0.3317504288754853, "train_set_after_training": 0.668, "test_set_after_training": {"acc": 0.7008298755186722}}