{"train_set_before_training": 0.5, "global_step": 251, "average_loss": 0.5343412431661945, "train_set_after_training": 0.776, "test_set_after_training": {"acc": 0.6526970954356847}}