{"train_set_before_training": 0.5, "global_step": 251, "average_loss": 0.5307530125239456, "train_set_after_training": 0.756, "test_set_after_training": {"acc": 0.6589211618257261}}