{"train_set_before_training": 0.516, "global_step": 251, "average_loss": 0.3180270382628472, "train_set_after_training": 0.664, "test_set_after_training": {"acc": 0.683402489626556}}