{"train_set_before_training": 0.4941793453204242, "global_step": 251, "average_loss": 0.6572494174082916, "train_set_after_training": 0.7147302904564315, "test_set_after_training": {"acc": 0.716597510373444}}