{"train_set_before_training": 0.538, "global_step": 251, "average_loss": 0.3635243095524342, "train_set_after_training": 0.994, "test_set_after_training": {"acc": 0.6373443983402489}}