{"train_set_before_training": 0.36580416032470825, "global_step": 150, "average_loss": 0.32276588313960625, "train_set_after_training": 0.8090644156366193, "test_set_after_training": {"f1-macro": 0.5534266286059087}}