{"train_set_before_training": 0.49844398340248963, "global_step": 251, "average_loss": 0.6641868673175929, "train_set_after_training": 0.7463692946058091, "test_set_after_training": {"acc": 0.7020746887966804}}