{"train_set_before_training": 0.49636929460580914, "global_step": 251, "average_loss": 0.43304518778832535, "train_set_after_training": 0.7053941908713693, "test_set_after_training": {"acc": 0.7141078838174274}}