{"train_set_before_training": 0.5088174273858921, "global_step": 251, "average_loss": 0.443919703073102, "train_set_after_training": 0.7110995850622407, "test_set_after_training": {"acc": 0.7058091286307054}}