{"train_set_before_training": 0.5, "global_step": 251, "average_loss": 0.32309403633017025, "train_set_after_training": 0.72, "test_set_after_training": {"acc": 0.5975103734439834}}