{"train_set_before_training": 0.4880116535368621, "global_step": 251, "average_loss": 0.6173166119311733, "train_set_after_training": 0.7417991634292895, "test_set_after_training": {"f1-macro": 0.7238257205083117}}