{"train_set_before_training": 0.4924792531120332, "global_step": 251, "average_loss": 0.41797866935162725, "train_set_after_training": 0.7204356846473029, "test_set_after_training": {"acc": 0.7070539419087137}}