{"train_set_before_training": 0.504, "global_step": 251, "average_loss": 0.4759615297230755, "train_set_after_training": 0.754, "test_set_after_training": {"acc": 0.6867219917012448}}