{"train_set_before_training": 0.504, "global_step": 251, "average_loss": 0.4474055753145144, "train_set_after_training": 0.75, "test_set_after_training": {"acc": 0.691701244813278}}