{"train_set_before_training": 0.5003457814661134, "global_step": 251, "average_loss": 0.6487105004934676, "train_set_after_training": 0.7327109266943291, "test_set_after_training": {"acc": 0.7298755186721991}}