{"train_set_before_training": 0.3693756062548391, "global_step": 15000, "average_loss": 0.0655603766603704, "train_set_after_training": 0.9557934202926763, "test_set_after_training": {"f1-macro": 0.8277779924058457}}