{"train_set_before_training": 0.5055325034578146, "global_step": 251, "average_loss": 0.6549730616143026, "train_set_after_training": 0.7090248962655602, "test_set_after_training": {"acc": 0.704149377593361}}