{"train_set_before_training": 0.5057053941908713, "global_step": 251, "average_loss": 0.4170419228665783, "train_set_after_training": 0.7188796680497925, "test_set_after_training": {"acc": 0.7033195020746889}}