{"train_set_before_training": 0.492, "global_step": 251, "average_loss": 0.33393910686987305, "train_set_after_training": 0.69, "test_set_after_training": {"acc": 0.716597510373444}}