{"train_set_before_training": 0.492, "global_step": 251, "average_loss": 0.33483191097755377, "train_set_after_training": 0.683, "test_set_after_training": {"acc": 0.7078838174273859}}