{"train_set_before_training": 0.51, "global_step": 251, "average_loss": 0.3726685159965845, "train_set_after_training": 0.92, "test_set_after_training": {"acc": 0.6149377593360996}}