{"train_set_before_training": 0.525, "global_step": 251, "average_loss": 0.2661132768561333, "train_set_after_training": 0.701, "test_set_after_training": {"acc": 0.7170124481327801}}