{"train_set_before_training": 0.525, "global_step": 251, "average_loss": 0.28178806247424326, "train_set_after_training": 0.705, "test_set_after_training": {"acc": 0.7116182572614108}}