{"train_set_before_training": 0.49678423236514524, "global_step": 251, "average_loss": 0.2600228028291692, "train_set_after_training": 0.6921161825726141, "test_set_after_training": {"acc": 0.6995850622406639}}