{"train_set_before_training": 0.538, "global_step": 251, "average_loss": 0.29026772789225774, "train_set_after_training": 0.668, "test_set_after_training": {"acc": 0.6995850622406639}}