{"train_set_before_training": 0.538, "global_step": 251, "average_loss": 0.2689969111607314, "train_set_after_training": 0.688, "test_set_after_training": {"acc": 0.6962655601659751}}