{"train_set_before_training": 0.476, "global_step": 251, "average_loss": 0.33715485322124056, "train_set_after_training": 0.712, "test_set_after_training": {"acc": 0.6900414937759336}}