{"train_set_before_training": 0.476, "global_step": 251, "average_loss": 0.3413427381751228, "train_set_after_training": 0.692, "test_set_after_training": {"acc": 0.6846473029045643}}