{"train_set_before_training": 0.492, "global_step": 251, "average_loss": 0.31693002730663644, "train_set_after_training": 0.704, "test_set_after_training": {"acc": 0.7178423236514523}}