{"train_set_before_training": 0.504, "global_step": 251, "average_loss": 0.4298297793036735, "train_set_after_training": 0.982, "test_set_after_training": {"acc": 0.6402489626556016}}