{"train_set_before_training": 0.49844398340248963, "global_step": 251, "average_loss": 0.3511112999774894, "train_set_after_training": 0.7152489626556017, "test_set_after_training": {"acc": 0.7120331950207469}}