{"train_set_before_training": 0.5, "global_step": 251, "average_loss": 0.3396322659362456, "train_set_after_training": 0.628, "test_set_after_training": {"acc": 0.6908713692946058}}