{"train_set_before_training": 0.3399155719090645, "global_step": 468, "average_loss": 0.5377170130914937, "train_set_after_training": 0.8447474376925052, "test_set_after_training": {"f1-macro": 0.7222692610008687}}