{"train_set_before_training": 0.5031120331950207, "global_step": 251, "average_loss": 0.6421766039948776, "train_set_after_training": 0.7144709543568465, "test_set_after_training": {"acc": 0.7161825726141079}}