{"train_set_before_training": 0.49, "global_step": 251, "average_loss": 0.3256530078073251, "train_set_after_training": 0.71, "test_set_after_training": {"acc": 0.6161825726141079}}