{"train_set_before_training": 0.5057053941908713, "global_step": 251, "average_loss": 0.31766195490699356, "train_set_after_training": 0.6996887966804979, "test_set_after_training": {"acc": 0.7029045643153526}}