{"train_set_before_training": 0.474, "global_step": 5001, "average_loss": 0.07220907746389593, "train_set_after_training": 0.986, "test_set_after_training": {"acc": 0.6576763485477178}}