{"train_set_before_training": 0.5025933609958506, "global_step": 251, "average_loss": 0.2799694438889786, "train_set_after_training": 0.7091545643153527, "test_set_after_training": {"acc": 0.7153526970954357}}