{"train_set_before_training": 0.3680061496870986, "global_step": 375, "average_loss": 0.3450599111409392, "train_set_after_training": 0.811756035822426, "test_set_after_training": {"f1-macro": 0.688697029880879}}