{"train_set_before_training": 0.5025933609958506, "global_step": 251, "average_loss": 0.43684746512671957, "train_set_after_training": 0.7113589211618258, "test_set_after_training": {"acc": 0.7261410788381742}}