{"train_set_before_training": 0.492, "global_step": 251, "average_loss": 0.43194434845790386, "train_set_after_training": 0.717, "test_set_after_training": {"acc": 0.7132780082987552}}