{"train_set_before_training": 0.492, "global_step": 251, "average_loss": 0.421393571330598, "train_set_after_training": 0.723, "test_set_after_training": {"acc": 0.7228215767634855}}