{"train_set_before_training": 0.516, "global_step": 251, "average_loss": 0.34140981694792893, "train_set_after_training": 0.664, "test_set_after_training": {"acc": 0.6925311203319502}}