{"train_set_before_training": 0.51, "global_step": 251, "average_loss": 0.2867662023075307, "train_set_after_training": 0.676, "test_set_after_training": {"acc": 0.7145228215767635}}