{"train_set_before_training": 0.3333333333333333, "global_step": 3, "average_loss": 1.0248740852500002, "train_set_after_training": 0.4505494505494506, "test_set_after_training": {"f1-macro": 0.4310121998493988}}