{"train_set_before_training": 0.5119294605809128, "global_step": 251, "average_loss": 0.655616609105076, "train_set_after_training": 0.7442946058091287, "test_set_after_training": {"acc": 0.6921161825726141}}