{"train_set_before_training": 0.4972337482710927, "global_step": 251, "average_loss": 0.3334717156464768, "train_set_after_training": 0.7005532503457814, "test_set_after_training": {"acc": 0.7049792531120332}}