{"train_set_before_training": 0.5119294605809128, "global_step": 251, "average_loss": 0.27298135399044793, "train_set_after_training": 0.6887966804979253, "test_set_after_training": {"acc": 0.6950207468879668}}