{"train_set_before_training": 0.488, "global_step": 251, "average_loss": 0.5959813570329155, "train_set_after_training": 0.874, "test_set_after_training": {"acc": 0.6589211618257261}}