{"train_set_before_training": 0.488, "global_step": 251, "average_loss": 0.6037958825222287, "train_set_after_training": 0.86, "test_set_after_training": {"acc": 0.6398340248962655}}