{"train_set_before_training": 0.476, "global_step": 251, "average_loss": 0.36829347719449507, "train_set_after_training": 0.684, "test_set_after_training": {"acc": 0.6900414937759336}}