{"train_set_before_training": 0.476, "global_step": 251, "average_loss": 0.36870134151141826, "train_set_after_training": 0.692, "test_set_after_training": {"acc": 0.6800829875518672}}