{"train_set_before_training": 0.5025933609958506, "global_step": 251, "average_loss": 0.3039951411477546, "train_set_after_training": 0.6978734439834025, "test_set_after_training": {"acc": 0.7070539419087137}}