{"train_set_before_training": 0.5, "global_step": 251, "average_loss": 0.28417631356111467, "train_set_after_training": 0.86, "test_set_after_training": {"acc": 0.5987551867219917}}