{"train_set_before_training": 0.4977524204702628, "global_step": 251, "average_loss": 0.6467368775214332, "train_set_after_training": 0.7183609958506224, "test_set_after_training": {"acc": 0.7128630705394191}}