{"train_set_before_training": 0.5021573182874212, "global_step": 5001, "average_loss": 0.12827945520370573, "train_set_after_training": 0.96999699969997, "test_set_after_training": {"f1-macro": 0.5816809170047337}}