{"train_set_before_training": 0.4998271092669433, "global_step": 251, "average_loss": 0.6246912451794898, "train_set_after_training": 0.7131742738589212, "test_set_after_training": {"acc": 0.7278008298755186}}