{"train_set_before_training": 0.5003457814661134, "global_step": 251, "average_loss": 0.6333558092494885, "train_set_after_training": 0.7172660212079299, "test_set_after_training": {"acc": 0.7340248962655601}}