{"train_set_before_training": 0.5, "global_step": 251, "average_loss": 0.41195373666153634, "train_set_after_training": 0.676, "test_set_after_training": {"acc": 0.6850622406639004}}