{"train_set_before_training": 0.5, "global_step": 251, "average_loss": 0.4275191492193278, "train_set_after_training": 0.688, "test_set_after_training": {"acc": 0.6721991701244814}}