{"train_set_before_training": 0.4924792531120332, "global_step": 5001, "average_loss": 0.00577596122781623, "train_set_after_training": 0.7166320885200553, "test_set_after_training": {"acc": 0.7315352697095435}}