{"train_set_before_training": 0.49844398340248963, "global_step": 251, "average_loss": 0.6104884776787691, "train_set_after_training": 0.7806016597510373, "test_set_after_training": {"acc": 0.7278008298755186}}