{"train_set_before_training": 0.5, "global_step": 251, "average_loss": 0.25351568585399914, "train_set_after_training": 0.98, "test_set_after_training": {"acc": 0.6116182572614108}}