{"train_set_before_training": 0.49002996772706314, "global_step": 5001, "average_loss": 0.00369044584203166, "train_set_after_training": 0.7130013831258645, "test_set_after_training": {"acc": 0.7319502074688796}}