{"train_set_before_training": 0.4977524204702628, "global_step": 251, "average_loss": 0.6596570133094294, "train_set_after_training": 0.7200899031811895, "test_set_after_training": {"acc": 0.7157676348547718}}