{"train_set_before_training": 0.492, "global_step": 251, "average_loss": 0.5802739064591339, "train_set_after_training": 0.841, "test_set_after_training": {"acc": 0.6817427385892116}}