{"train_set_before_training": 0.4131533967930954, "global_step": 5001, "average_loss": 0.04613072673306183, "train_set_after_training": 0.8919930875576036, "test_set_after_training": {"f1-macro": 0.6718842017171373}}