{"train_set_before_training": 0.525, "global_step": 251, "average_loss": 0.4254569566866153, "train_set_after_training": 0.732, "test_set_after_training": {"acc": 0.7203319502074689}}