{"train_set_before_training": 0.42696498554195383, "global_step": 5001, "average_loss": 0.005019111547322175, "train_set_after_training": 0.7295970654263235, "test_set_after_training": {"f1-macro": 0.7213362836009083}}