{"train_set_before_training": 0.4305693420306296, "global_step": 5001, "average_loss": 0.011602722535829162, "train_set_after_training": 0.8238985655737705, "test_set_after_training": {"f1-macro": 0.7042712915275967}}