{"train_set_before_training": 0.476, "global_step": 251, "average_loss": 0.3490684359724934, "train_set_after_training": 0.668, "test_set_after_training": {"acc": 0.6825726141078838}}