{"train_set_before_training": 0.5003457814661134, "global_step": 251, "average_loss": 0.6410668707820049, "train_set_after_training": 0.7256224066390041, "test_set_after_training": {"acc": 0.7228215767634855}}