{"train_set_before_training": 0.49118257261410786, "global_step": 251, "average_loss": 0.2547591854428568, "train_set_after_training": 0.7026279391424619, "test_set_after_training": {"acc": 0.7008298755186722}}