{"train_set_before_training": 0.4988329875518672, "global_step": 251, "average_loss": 0.6463945259551603, "train_set_after_training": 0.7309387966804979, "test_set_after_training": {"acc": 0.7219917012448133}}