{"train_set_before_training": 0.538, "global_step": 251, "average_loss": 0.33095551048455557, "train_set_after_training": 0.704, "test_set_after_training": {"acc": 0.708298755186722}}