{"train_set_before_training": 0.4773333333333334, "global_step": 150, "average_loss": 0.3077949647512287, "train_set_after_training": 0.7882851093860268, "test_set_after_training": {"f1-macro": 0.543896700084225}}