{"train_set_before_training": 0.492, "global_step": 251, "average_loss": 0.2776561552680476, "train_set_after_training": 0.703, "test_set_after_training": {"acc": 0.7132780082987552}}