{"train_set_before_training": 0.5035269709543568, "global_step": 251, "average_loss": 0.28943731875573486, "train_set_after_training": 0.6977178423236514, "test_set_after_training": {"acc": 0.7107883817427386}}