{"train_set_before_training": 0.51, "global_step": 251, "average_loss": 0.4855816852815256, "train_set_after_training": 0.72, "test_set_after_training": {"acc": 0.6829875518672199}}