{"train_set_before_training": 0.51, "global_step": 251, "average_loss": 0.48964875289405957, "train_set_after_training": 0.744, "test_set_after_training": {"acc": 0.712448132780083}}