{"train_set_before_training": 0.476, "global_step": 251, "average_loss": 0.3664604349412484, "train_set_after_training": 0.668, "test_set_after_training": {"acc": 0.687551867219917}}