{"train_set_before_training": 0.4305693420306296, "global_step": 5001, "average_loss": 0.020049951509771503, "train_set_after_training": 0.8284026696932021, "test_set_after_training": {"f1-macro": 0.6851078723031925}}