{"train_set_before_training": 0.47, "global_step": 251, "average_loss": 0.31547024164305243, "train_set_after_training": 0.94, "test_set_after_training": {"acc": 0.6037344398340249}}