{"train_set_before_training": 0.49002996772706314, "global_step": 5001, "average_loss": 0.0036245738006416037, "train_set_after_training": 0.7147879207007838, "test_set_after_training": {"acc": 0.7352697095435685}}