{"train_set_before_training": 0.4953319502074689, "global_step": 251, "average_loss": 0.651900516474152, "train_set_after_training": 0.7097510373443984, "test_set_after_training": {"acc": 0.7020746887966804}}