{"train_set_before_training": 0.36580416032470825, "global_step": 251, "average_loss": 0.09055534094610099, "train_set_after_training": 1.0, "test_set_after_training": {"f1-macro": 0.6065434690842675}}