{"train_set_before_training": 0.488, "global_step": 251, "average_loss": 0.3416307474831138, "train_set_after_training": 0.708, "test_set_after_training": {"acc": 0.6937759336099585}}