{"train_set_before_training": 0.495850622406639, "global_step": 251, "average_loss": 0.6587279654772158, "train_set_after_training": 0.7328838174273858, "test_set_after_training": {"acc": 0.7078838174273859}}