{"train_set_before_training": 0.5025933609958506, "global_step": 251, "average_loss": 0.27044889500872066, "train_set_after_training": 0.6967064315352697, "test_set_after_training": {"acc": 0.703734439834025}}