{"train_set_before_training": 0.504, "global_step": 251, "average_loss": 0.28567010738661486, "train_set_after_training": 0.668, "test_set_after_training": {"acc": 0.7116182572614108}}