{"train_set_before_training": 0.516, "global_step": 251, "average_loss": 0.30010491200334083, "train_set_after_training": 0.64, "test_set_after_training": {"acc": 0.704149377593361}}