{"train_set_before_training": 0.516, "global_step": 251, "average_loss": 0.3390707710094145, "train_set_after_training": 0.644, "test_set_after_training": {"acc": 0.7033195020746889}}