{"train_set_before_training": 0.35683820466543453, "global_step": 11250, "average_loss": 0.09412888004014353, "train_set_after_training": 0.9563981388787812, "test_set_after_training": {"f1-macro": 0.8547767807992954}}