{"train_set_before_training": 0.34276540248439197, "global_step": 251, "average_loss": 0.6513072424753759, "train_set_after_training": 0.7320658806210751, "test_set_after_training": {"f1-macro": 0.7046013105712627}}