{"train_set_before_training": 0.4909751037344398, "global_step": 251, "average_loss": 0.3459231564615096, "train_set_after_training": 0.712448132780083, "test_set_after_training": {"acc": 0.7203319502074689}}