{"train_set_before_training": 0.51, "global_step": 251, "average_loss": 0.41773760959782463, "train_set_after_training": 0.74, "test_set_after_training": {"acc": 0.6265560165975104}}