{"train_set_before_training": 0.51, "global_step": 251, "average_loss": 0.4154560878808866, "train_set_after_training": 0.71, "test_set_after_training": {"acc": 0.6174273858921162}}