{"train_set_before_training": 0.49118257261410786, "global_step": 251, "average_loss": 0.2854455479177687, "train_set_after_training": 0.7029737206085753, "test_set_after_training": {"acc": 0.6975103734439834}}