{"train_set_before_training": 0.504, "global_step": 251, "average_loss": 0.5728950872275221, "train_set_after_training": 0.906, "test_set_after_training": {"acc": 0.6489626556016598}}