{"train_set_before_training": 0.504, "global_step": 251, "average_loss": 0.5699670382022145, "train_set_after_training": 0.896, "test_set_after_training": {"acc": 0.6560165975103734}}