{"train_set_before_training": 0.51, "global_step": 251, "average_loss": 0.3230791069384928, "train_set_after_training": 0.694, "test_set_after_training": {"acc": 0.6995850622406639}}