{"train_set_before_training": 0.51, "global_step": 251, "average_loss": 0.35901418952243513, "train_set_after_training": 0.7, "test_set_after_training": {"acc": 0.6941908713692946}}