{"train_set_before_training": 0.474, "global_step": 5001, "average_loss": 0.03736261747120266, "train_set_after_training": 0.988, "test_set_after_training": {"acc": 0.6630705394190871}}