{"train_set_before_training": 0.6703296703296704, "global_step": 5001, "average_loss": 0.09941234798661784, "train_set_after_training": 1.0, "test_set_after_training": {"f1-macro": 0.5385405695810339}}