{"train_set_before_training": 0.525, "global_step": 251, "average_loss": 0.6270655202289739, "train_set_after_training": 0.805, "test_set_after_training": {"acc": 0.700414937759336}}