{"train_set_before_training": 0.49118257261410786, "global_step": 251, "average_loss": 0.6676616813408663, "train_set_after_training": 0.7072959889349931, "test_set_after_training": {"acc": 0.7029045643153526}}