{"train_set_before_training": 0.3699152962615373, "global_step": 3750, "average_loss": 0.15195190568472802, "train_set_after_training": 0.9219472363317603, "test_set_after_training": {"f1-macro": 0.7721271400411951}}