{"train_set_before_training": 0.476, "global_step": 251, "average_loss": 0.5190032185593331, "train_set_after_training": 0.792, "test_set_after_training": {"acc": 0.6622406639004149}}