{"train_set_before_training": 0.5057053941908713, "global_step": 251, "average_loss": 0.644116812686165, "train_set_after_training": 0.766597510373444, "test_set_after_training": {"acc": 0.7107883817427386}}