{"train_set_before_training": 0.3333333333333333, "global_step": 156, "average_loss": 0.029704640953404565, "train_set_after_training": 1.0, "test_set_after_training": {"f1-macro": 0.5349565600604382}}