{"train_set_before_training": 0.49377593360995853, "global_step": 251, "average_loss": 0.6106134192402144, "train_set_after_training": 0.7697095435684648, "test_set_after_training": {"acc": 0.7286307053941908}}