{"train_set_before_training": 0.51, "global_step": 251, "average_loss": 0.400922525577633, "train_set_after_training": 0.984, "test_set_after_training": {"acc": 0.6622406639004149}}