{"train_set_before_training": 0.512, "global_step": 251, "average_loss": 0.3112272231840061, "train_set_after_training": 0.66, "test_set_after_training": {"acc": 0.7020746887966804}}