{"train_set_before_training": 0.512, "global_step": 251, "average_loss": 0.32015670986824757, "train_set_after_training": 0.656, "test_set_after_training": {"acc": 0.7091286307053942}}