{"train_set_before_training": 0.4961099585062241, "global_step": 251, "average_loss": 0.683738390792651, "train_set_after_training": 0.7308091286307054, "test_set_after_training": {"acc": 0.6954356846473029}}