{"train_set_before_training": 0.492, "global_step": 251, "average_loss": 0.3279690001952087, "train_set_after_training": 0.687, "test_set_after_training": {"acc": 0.6991701244813278}}