{"train_set_before_training": 0.504, "global_step": 251, "average_loss": 0.29399379374425993, "train_set_after_training": 0.682, "test_set_after_training": {"acc": 0.6991701244813278}}