{"train_set_before_training": 0.504, "global_step": 251, "average_loss": 0.3004251400512491, "train_set_after_training": 0.682, "test_set_after_training": {"acc": 0.7020746887966804}}