{"train_set_before_training": 0.538, "global_step": 251, "average_loss": 0.3317897723926476, "train_set_after_training": 0.724, "test_set_after_training": {"acc": 0.695850622406639}}