{"train_set_before_training": 0.538, "global_step": 251, "average_loss": 0.32697432353258676, "train_set_after_training": 0.704, "test_set_after_training": {"acc": 0.7095435684647303}}