{"train_set_before_training": 0.49678423236514524, "global_step": 251, "average_loss": 0.4515160917864734, "train_set_after_training": 0.7070539419087137, "test_set_after_training": {"acc": 0.7095435684647303}}