{"train_set_before_training": 0.5119294605809128, "global_step": 251, "average_loss": 0.23033060825305093, "train_set_after_training": 0.7048755186721992, "test_set_after_training": {"acc": 0.7008298755186722}}