{"train_set_before_training": 0.5057053941908713, "global_step": 251, "average_loss": 0.2741894019708275, "train_set_after_training": 0.6965767634854771, "test_set_after_training": {"acc": 0.7066390041493776}}