{"train_set_before_training": 0.49974066390041494, "global_step": 251, "average_loss": 0.6351917821810065, "train_set_after_training": 0.7203060165975104, "test_set_after_training": {"acc": 0.7228215767634855}}