{"train_set_before_training": 0.4977524204702628, "global_step": 251, "average_loss": 0.6447315446705932, "train_set_after_training": 0.7256224066390041, "test_set_after_training": {"acc": 0.7228215767634855}}