{"train_set_before_training": 0.5, "global_step": 251, "average_loss": 0.31150891150271826, "train_set_after_training": 0.78, "test_set_after_training": {"acc": 0.5983402489626556}}