{"train_set_before_training": 0.5035269709543568, "global_step": 251, "average_loss": 0.3414453681432215, "train_set_after_training": 0.7029045643153526, "test_set_after_training": {"acc": 0.7174273858921162}}