{"train_set_before_training": 0.49844398340248963, "global_step": 251, "average_loss": 0.307567226161774, "train_set_after_training": 0.7126556016597511, "test_set_after_training": {"acc": 0.7149377593360996}}