{"train_set_before_training": 0.5, "global_step": 251, "average_loss": 0.35348392178631943, "train_set_after_training": 0.84, "test_set_after_training": {"acc": 0.6024896265560166}}