{"train_set_before_training": 0.42696498554195383, "global_step": 5001, "average_loss": 0.005965374527618922, "train_set_after_training": 0.7143658114865064, "test_set_after_training": {"f1-macro": 0.7036639474667793}}