{"train_set_before_training": 0.525, "global_step": 251, "average_loss": 0.4666311954801153, "train_set_after_training": 0.724, "test_set_after_training": {"acc": 0.7149377593360996}}