{"train_set_before_training": 0.525, "global_step": 251, "average_loss": 0.458185485835035, "train_set_after_training": 0.733, "test_set_after_training": {"acc": 0.712448132780083}}