{"train_set_before_training": 0.522883025789102, "global_step": 1500, "average_loss": 0.16313567933999001, "train_set_after_training": 0.857999431997728, "test_set_after_training": {"f1-macro": 0.6973498880015884}}