{"train_set_before_training": 0.34276540248439197, "global_step": 1406, "average_loss": 0.44139161928625414, "train_set_after_training": 0.911006507065443, "test_set_after_training": {"f1-macro": 0.8280626694289555}}