{"train_set_before_training": 0.4961099585062241, "global_step": 251, "average_loss": 0.25849033479494843, "train_set_after_training": 0.7007261410788381, "test_set_after_training": {"acc": 0.6954356846473029}}