{"train_set_before_training": 0.49807350326022526, "global_step": 251, "average_loss": 0.6440250208950138, "train_set_after_training": 0.7199911084765857, "test_set_after_training": {"acc": 0.7190871369294606}}