{"train_set_before_training": 0.492, "global_step": 251, "average_loss": 0.27166924260863273, "train_set_after_training": 0.701, "test_set_after_training": {"acc": 0.7141078838174274}}