{"train_set_before_training": 0.508, "global_step": 251, "average_loss": 0.6506275719558575, "train_set_after_training": 0.789, "test_set_after_training": {"acc": 0.7045643153526971}}