{"train_set_before_training": 0.504, "global_step": 5001, "average_loss": 0.08474818086472412, "train_set_after_training": 0.644, "test_set_after_training": {"acc": 0.6991701244813278}}