{"train_set_before_training": 0.504, "global_step": 5001, "average_loss": 0.07886778552309123, "train_set_after_training": 0.656, "test_set_after_training": {"acc": 0.7012448132780082}}