{"train_set_before_training": 0.34352466927837394, "global_step": 937, "average_loss": 0.49374001034798365, "train_set_after_training": 0.8688281071046742, "test_set_after_training": {"f1-macro": 0.7716513694230447}}