{"train_set_before_training": 0.4909751037344398, "global_step": 251, "average_loss": 0.3139822140451524, "train_set_after_training": 0.7058091286307054, "test_set_after_training": {"acc": 0.716597510373444}}