{"train_set_before_training": 0.3333333333333333, "global_step": 7, "average_loss": 0.7846598587930202, "train_set_after_training": 0.4949494949494949, "test_set_after_training": {"f1-macro": 0.4626865671641791}}