{"train_set_before_training": 0.32885906040268453, "global_step": 251, "average_loss": 0.11101282164950732, "train_set_after_training": 1.0, "test_set_after_training": {"f1-macro": 0.582916158734677}}