{"train_set_before_training": 0.492, "global_step": 251, "average_loss": 0.5706695935343841, "train_set_after_training": 0.839, "test_set_after_training": {"acc": 0.6925311203319502}}