{"train_set_before_training": 0.52, "global_step": 251, "average_loss": 0.29140169833428725, "train_set_after_training": 0.74, "test_set_after_training": {"acc": 0.5887966804979253}}