{"train_set_before_training": 0.504, "global_step": 251, "average_loss": 0.4541047033705411, "train_set_after_training": 0.734, "test_set_after_training": {"acc": 0.6950207468879668}}