{"train_set_before_training": 0.4966804979253112, "global_step": 251, "average_loss": 0.6557205263005785, "train_set_after_training": 0.7086099585062241, "test_set_after_training": {"acc": 0.7103734439834025}}