{"train_set_before_training": 0.5, "global_step": 251, "average_loss": 0.30624211116659594, "train_set_after_training": 0.69, "test_set_after_training": {"acc": 0.6261410788381743}}