{"train_set_before_training": 0.4909751037344398, "global_step": 251, "average_loss": 0.27031127041515585, "train_set_after_training": 0.6935684647302904, "test_set_after_training": {"acc": 0.704149377593361}}