{"train_set_before_training": 0.3333333333333333, "global_step": 1, "average_loss": 1.5997997410595417, "train_set_after_training": 0.3333333333333333, "test_set_after_training": {"f1-macro": 0.3651976708445237}}