{"train_set_before_training": 0.4975363070539419, "global_step": 251, "average_loss": 0.6425562047982121, "train_set_after_training": 0.7223807053941909, "test_set_after_training": {"acc": 0.7215767634854772}}