{"train_set_before_training": 0.4924792531120332, "global_step": 251, "average_loss": 0.33676790008302854, "train_set_after_training": 0.7243257261410788, "test_set_after_training": {"acc": 0.7190871369294606}}