{"train_set_before_training": 0.4909751037344398, "global_step": 251, "average_loss": 0.2327024707620763, "train_set_after_training": 0.6967842323651452, "test_set_after_training": {"acc": 0.7020746887966804}}