{"train_set_before_training": 0.512, "global_step": 251, "average_loss": 0.33295161943220386, "train_set_after_training": 0.644, "test_set_after_training": {"acc": 0.6892116182572614}}