{"train_set_before_training": 0.504, "global_step": 5001, "average_loss": 0.16136519822631523, "train_set_after_training": 1.0, "test_set_after_training": {"acc": 0.6136929460580913}}