{"train_set_before_training": 0.5, "global_step": 251, "average_loss": 0.36557568137699076, "train_set_after_training": 0.64, "test_set_after_training": {"acc": 0.6887966804979253}}