{"train_set_before_training": 0.5035269709543568, "global_step": 251, "average_loss": 0.3275792282921136, "train_set_after_training": 0.700103734439834, "test_set_after_training": {"acc": 0.7078838174273859}}