{"train_set_before_training": 0.42518733586887625, "global_step": 5001, "average_loss": 0.006722602623592128, "train_set_after_training": 0.7645589083221218, "test_set_after_training": {"f1-macro": 0.7267645090115775}}