{"train_set_before_training": 0.512, "global_step": 251, "average_loss": 0.5011415410901892, "train_set_after_training": 0.768, "test_set_after_training": {"acc": 0.674688796680498}}