{"train_set_before_training": 0.512, "global_step": 251, "average_loss": 0.4781717751657523, "train_set_after_training": 0.784, "test_set_after_training": {"acc": 0.6796680497925311}}