{"train_set_before_training": 0.4967727063162748, "global_step": 251, "average_loss": 0.656169427254523, "train_set_after_training": 0.7047026279391425, "test_set_after_training": {"acc": 0.712448132780083}}