{"train_set_before_training": 0.508, "global_step": 251, "average_loss": 0.44976924212493624, "train_set_after_training": 0.722, "test_set_after_training": {"acc": 0.712448132780083}}