{"train_set_before_training": 0.508, "global_step": 251, "average_loss": 0.4672556959159405, "train_set_after_training": 0.726, "test_set_after_training": {"acc": 0.7157676348547718}}