{"train_set_before_training": 0.51, "global_step": 251, "average_loss": 0.07843842298308187, "train_set_after_training": 1.0, "test_set_after_training": {"acc": 0.5908713692946058}}