{"train_set_before_training": 0.4941793453204242, "global_step": 251, "average_loss": 0.6426110757121527, "train_set_after_training": 0.7169778699861687, "test_set_after_training": {"acc": 0.7136929460580913}}