{"train_set_before_training": 0.48988589211618255, "global_step": 5001, "average_loss": 0.006286558208100815, "train_set_after_training": 0.7359958506224067, "test_set_after_training": {"acc": 0.7360995850622407}}