{"train_set_before_training": 0.516, "global_step": 251, "average_loss": 0.45296139024992094, "train_set_after_training": 0.776, "test_set_after_training": {"acc": 0.6647302904564315}}