{"train_set_before_training": 0.4305693420306296, "global_step": 5001, "average_loss": 0.014025308668504446, "train_set_after_training": 0.7785829307568439, "test_set_after_training": {"f1-macro": 0.680089362960367}}