{"train_set_before_training": 0.4305693420306296, "global_step": 5001, "average_loss": 0.1603193214453242, "train_set_after_training": 0.8199740762669825, "test_set_after_training": {"f1-macro": 0.7234028427437608}}