{"train_set_before_training": 0.32885906040268453, "global_step": 300, "average_loss": 0.24861526338150725, "train_set_after_training": 0.7694235588972431, "test_set_after_training": {"f1-macro": 0.5405519019778533}}