{"train_set_before_training": 0.525, "global_step": 251, "average_loss": 0.5273062408831253, "train_set_after_training": 0.883, "test_set_after_training": {"acc": 0.6858921161825726}}