{"train_set_before_training": 0.49636929460580914, "global_step": 251, "average_loss": 0.6782152622166383, "train_set_after_training": 0.7126556016597511, "test_set_after_training": {"acc": 0.6966804979253112}}