{"train_set_before_training": 0.495850622406639, "global_step": 251, "average_loss": 0.6555570029464376, "train_set_after_training": 0.7310684647302904, "test_set_after_training": {"acc": 0.7174273858921162}}