{"train_set_before_training": 0.47, "global_step": 251, "average_loss": 0.2825585575992301, "train_set_after_training": 0.72, "test_set_after_training": {"acc": 0.5987551867219917}}