{"train_set_before_training": 0.7, "global_step": 5001, "average_loss": 0.15080163516154502, "train_set_after_training": 1.0, "test_set_after_training": {"acc": 0.5058091286307054}}