{"train_set_before_training": 0.4828838174273859, "global_step": 251, "average_loss": 0.610233154607959, "train_set_after_training": 0.7795643153526971, "test_set_after_training": {"acc": 0.7178423236514523}}