{"train_set_before_training": 0.487, "global_step": 5001, "average_loss": 0.016571908493816703, "train_set_after_training": 0.838, "test_set_after_training": {"acc": 0.6962655601659751}}