{"train_set_before_training": 0.49974066390041494, "global_step": 251, "average_loss": 0.6509278502419176, "train_set_after_training": 0.7279564315352697, "test_set_after_training": {"acc": 0.7327800829875518}}