{"train_set_before_training": 0.5119294605809128, "global_step": 251, "average_loss": 0.321785751018957, "train_set_after_training": 0.6955394190871369, "test_set_after_training": {"acc": 0.700414937759336}}