{"train_set_before_training": 0.3580912826214086, "global_step": 1875, "average_loss": 0.30067980379250364, "train_set_after_training": 0.9229487115803763, "test_set_after_training": {"f1-macro": 0.8227860501567398}}