{"train_set_before_training": 0.4973325429756965, "global_step": 251, "average_loss": 0.6647322755529586, "train_set_after_training": 0.7064315352697096, "test_set_after_training": {"acc": 0.7024896265560165}}