{"train_set_before_training": 0.4967727063162748, "global_step": 251, "average_loss": 0.6599940142308574, "train_set_after_training": 0.7087943752881513, "test_set_after_training": {"acc": 0.7116182572614108}}