{"train_set_before_training": 0.4979253112033195, "global_step": 251, "average_loss": 0.6425943741819773, "train_set_after_training": 0.7435165975103735, "test_set_after_training": {"acc": 0.7340248962655601}}