{"train_set_before_training": 0.525, "global_step": 251, "average_loss": 0.6230320676389444, "train_set_after_training": 0.793, "test_set_after_training": {"acc": 0.7161825726141079}}