{"train_set_before_training": 0.492, "global_step": 251, "average_loss": 0.44273650808541837, "train_set_after_training": 0.714, "test_set_after_training": {"acc": 0.7053941908713693}}