{"train_set_before_training": 0.492, "global_step": 251, "average_loss": 0.44382606858324514, "train_set_after_training": 0.725, "test_set_after_training": {"acc": 0.7024896265560165}}