{"train_set_before_training": 0.4998271092669433, "global_step": 251, "average_loss": 0.6361014543776493, "train_set_after_training": 0.7200899031811895, "test_set_after_training": {"acc": 0.7269709543568464}}