{"train_set_before_training": 0.49844398340248963, "global_step": 251, "average_loss": 0.6652142618044439, "train_set_after_training": 0.7603734439834025, "test_set_after_training": {"acc": 0.7058091286307054}}