{"train_set_before_training": 0.4972337482710927, "global_step": 251, "average_loss": 0.4164606036165677, "train_set_after_training": 0.7060857538035962, "test_set_after_training": {"acc": 0.7070539419087137}}