{"train_set_before_training": 0.525, "global_step": 251, "average_loss": 0.2866715140799821, "train_set_after_training": 0.712, "test_set_after_training": {"acc": 0.712448132780083}}