{"train_set_before_training": 0.5003457814661134, "global_step": 251, "average_loss": 0.6278934583839667, "train_set_after_training": 0.7299446749654218, "test_set_after_training": {"acc": 0.7178423236514523}}