{"train_set_before_training": 0.49636929460580914, "global_step": 251, "average_loss": 0.45250645735712935, "train_set_after_training": 0.7072095435684648, "test_set_after_training": {"acc": 0.7070539419087137}}