{"train_set_before_training": 0.5025933609958506, "global_step": 251, "average_loss": 0.26155855894087354, "train_set_after_training": 0.7053941908713693, "test_set_after_training": {"acc": 0.7157676348547718}}