{"train_set_before_training": 0.49678423236514524, "global_step": 251, "average_loss": 0.6871188819052214, "train_set_after_training": 0.708298755186722, "test_set_after_training": {"acc": 0.7020746887966804}}