{"train_set_before_training": 0.5055325034578146, "global_step": 251, "average_loss": 0.28538275040144406, "train_set_after_training": 0.70798755186722, "test_set_after_training": {"acc": 0.7128630705394191}}