{"train_set_before_training": 0.49678423236514524, "global_step": 251, "average_loss": 0.35833864277660055, "train_set_after_training": 0.6951244813278008, "test_set_after_training": {"acc": 0.700414937759336}}