{"train_set_before_training": 0.49157157676348545, "global_step": 251, "average_loss": 0.3087023614359179, "train_set_after_training": 0.7087655601659751, "test_set_after_training": {"acc": 0.7120331950207469}}