{"train_set_before_training": 0.4909751037344398, "global_step": 251, "average_loss": 0.4415213961935272, "train_set_after_training": 0.7104771784232365, "test_set_after_training": {"acc": 0.7091286307053942}}