{"train_set_before_training": 0.5031120331950207, "global_step": 251, "average_loss": 0.2497707505538119, "train_set_after_training": 0.7029737206085753, "test_set_after_training": {"acc": 0.7112033195020747}}