{"train_set_before_training": 0.538, "global_step": 251, "average_loss": 0.3063977754007435, "train_set_after_training": 0.704, "test_set_after_training": {"acc": 0.704149377593361}}