{"train_set_before_training": 0.5008150563129816, "global_step": 251, "average_loss": 0.644984115167443, "train_set_after_training": 0.7171754593953764, "test_set_after_training": {"acc": 0.7236514522821577}}