{"train_set_before_training": 0.48988589211618255, "global_step": 5001, "average_loss": 0.0061496239472449005, "train_set_after_training": 0.7276970954356846, "test_set_after_training": {"acc": 0.7190871369294606}}