{"train_set_before_training": 0.3630094043887147, "global_step": 1500, "average_loss": 0.19725438093441577, "train_set_after_training": 0.8849805617149298, "test_set_after_training": {"f1-macro": 0.7295061834568878}}