{"train_set_before_training": 0.4924792531120332, "global_step": 5001, "average_loss": 0.005469076166190295, "train_set_after_training": 0.7174100968188105, "test_set_after_training": {"acc": 0.7319502074688796}}