{"train_set_before_training": 0.492, "global_step": 251, "average_loss": 0.33131155569061815, "train_set_after_training": 0.693, "test_set_after_training": {"acc": 0.7074688796680498}}