{"train_set_before_training": 0.7, "global_step": 5001, "average_loss": 0.08505095810646607, "train_set_after_training": 0.9, "test_set_after_training": {"acc": 0.47883817427385894}}