{"train_set_before_training": 0.492, "global_step": 251, "average_loss": 0.3437331186691429, "train_set_after_training": 0.696, "test_set_after_training": {"acc": 0.7049792531120332}}