{"train_set_before_training": 0.47, "global_step": 251, "average_loss": 0.3611607491275281, "train_set_after_training": 0.92, "test_set_after_training": {"acc": 0.6170124481327801}}