{"train_set_before_training": 0.5055325034578146, "global_step": 251, "average_loss": 0.24780300465682373, "train_set_after_training": 0.696058091286307, "test_set_after_training": {"acc": 0.7066390041493776}}