{"train_set_before_training": 0.504, "global_step": 251, "average_loss": 0.314958282654541, "train_set_after_training": 0.676, "test_set_after_training": {"acc": 0.6863070539419087}}