{"train_set_before_training": 0.47, "global_step": 251, "average_loss": 0.3686847916291284, "train_set_after_training": 0.77, "test_set_after_training": {"acc": 0.6008298755186722}}