{"train_set_before_training": 0.499896265560166, "global_step": 251, "average_loss": 0.637050679124209, "train_set_after_training": 0.7271784232365145, "test_set_after_training": {"acc": 0.7282157676348547}}