{"train_set_before_training": 0.51, "global_step": 251, "average_loss": 0.35344393697750026, "train_set_after_training": 0.7, "test_set_after_training": {"acc": 0.6128630705394191}}