{"train_set_before_training": 0.3794539194491152, "global_step": 375, "average_loss": 0.3405576064750397, "train_set_after_training": 0.8259658893143056, "test_set_after_training": {"f1-macro": 0.6901590056721323}}