{"train_set_before_training": 0.3685661140778621, "global_step": 251, "average_loss": 0.6412405500984361, "train_set_after_training": 0.7330706209099775, "test_set_after_training": {"f1-macro": 0.7219163071399661}}