{"train_set_before_training": 0.4979253112033195, "global_step": 251, "average_loss": 0.6533153871022372, "train_set_after_training": 0.7427385892116183, "test_set_after_training": {"acc": 0.7282157676348547}}