{"train_set_before_training": 0.512, "global_step": 251, "average_loss": 0.20076751275534419, "train_set_after_training": 1.0, "test_set_after_training": {"acc": 0.6186721991701245}}