{"train_set_before_training": 0.538, "global_step": 251, "average_loss": 0.4526422934910928, "train_set_after_training": 0.752, "test_set_after_training": {"acc": 0.7074688796680498}}