{"train_set_before_training": 0.3693756062548391, "global_step": 937, "average_loss": 0.49354206712512955, "train_set_after_training": 0.8782314918677062, "test_set_after_training": {"f1-macro": 0.7997100715187995}}