{"train_set_before_training": 0.49118257261410786, "global_step": 251, "average_loss": 0.30056283446629456, "train_set_after_training": 0.7100622406639004, "test_set_after_training": {"acc": 0.7103734439834025}}