{"train_set_before_training": 0.538, "global_step": 251, "average_loss": 0.3675594946992884, "train_set_after_training": 0.992, "test_set_after_training": {"acc": 0.6510373443983403}}