{"train_set_before_training": 0.508, "global_step": 251, "average_loss": 0.30065938233294937, "train_set_after_training": 0.7, "test_set_after_training": {"acc": 0.7149377593360996}}