{"train_set_before_training": 0.508, "global_step": 251, "average_loss": 0.26479490298524583, "train_set_after_training": 0.702, "test_set_after_training": {"acc": 0.7132780082987552}}