{"train_set_before_training": 0.48557181772011637, "global_step": 251, "average_loss": 0.6209942704341207, "train_set_after_training": 0.723438925913811, "test_set_after_training": {"f1-macro": 0.7090084379725804}}