{"train_set_before_training": 0.49636929460580914, "global_step": 251, "average_loss": 0.6922613688080435, "train_set_after_training": 0.7130446058091287, "test_set_after_training": {"acc": 0.7020746887966804}}