{"train_set_before_training": 0.4924792531120332, "global_step": 251, "average_loss": 0.6736895233630185, "train_set_after_training": 0.7432572614107884, "test_set_after_training": {"acc": 0.7049792531120332}}