{"train_set_before_training": 0.33659290833490046, "global_step": 750, "average_loss": 0.23924985925585499, "train_set_after_training": 0.837968241775388, "test_set_after_training": {"f1-macro": 0.6996576991007174}}