{"train_set_before_training": 0.4828838174273859, "global_step": 251, "average_loss": 0.6119660406236155, "train_set_after_training": 0.7754149377593361, "test_set_after_training": {"acc": 0.7265560165975103}}