{"train_set_before_training": 0.4983863531581374, "global_step": 251, "average_loss": 0.6420384403243958, "train_set_after_training": 0.7165744582757031, "test_set_after_training": {"acc": 0.7236514522821577}}