{"train_set_before_training": 0.48262448132780084, "global_step": 5001, "average_loss": 0.074274455540512, "train_set_after_training": 0.7039678423236515, "test_set_after_training": {"acc": 0.7153526970954357}}