{"train_set_before_training": 0.51, "global_step": 251, "average_loss": 0.38991647644758787, "train_set_after_training": 0.94, "test_set_after_training": {"acc": 0.6074688796680497}}