{"train_set_before_training": 0.4305693420306296, "global_step": 5001, "average_loss": 0.015388554950372535, "train_set_after_training": 0.7930430309752294, "test_set_after_training": {"f1-macro": 0.6872447954435319}}