{"train_set_before_training": 0.492, "global_step": 251, "average_loss": 0.45994705941149616, "train_set_after_training": 0.716, "test_set_after_training": {"acc": 0.7128630705394191}}