{"train_set_before_training": 0.492, "global_step": 251, "average_loss": 0.44689502972048295, "train_set_after_training": 0.728, "test_set_after_training": {"acc": 0.716597510373444}}