{"train_set_before_training": 0.5003457814661134, "global_step": 251, "average_loss": 0.6470000642941768, "train_set_after_training": 0.7106385431074228, "test_set_after_training": {"acc": 0.7282157676348547}}