{"train_set_before_training": 0.492, "global_step": 251, "average_loss": 0.2888649381010513, "train_set_after_training": 0.718, "test_set_after_training": {"acc": 0.7219917012448133}}