{"train_set_before_training": 0.492, "global_step": 251, "average_loss": 0.3020497298116733, "train_set_after_training": 0.711, "test_set_after_training": {"acc": 0.7203319502074689}}