{"train_set_before_training": 0.4909751037344398, "global_step": 251, "average_loss": 0.325480671078885, "train_set_after_training": 0.7015560165975103, "test_set_after_training": {"acc": 0.7120331950207469}}