{"train_set_before_training": 0.492, "global_step": 251, "average_loss": 0.2706907739620693, "train_set_after_training": 0.692, "test_set_after_training": {"acc": 0.7112033195020747}}