{"train_set_before_training": 0.55, "global_step": 5001, "average_loss": 0.15634427962089478, "train_set_after_training": 1.0, "test_set_after_training": {"acc": 0.5970954356846473}}