{"train_set_before_training": 0.49844398340248963, "global_step": 251, "average_loss": 0.620467824527467, "train_set_after_training": 0.7691908713692946, "test_set_after_training": {"acc": 0.7128630705394191}}