{"train_set_before_training": 0.49, "global_step": 251, "average_loss": 0.3265574349816777, "train_set_after_training": 0.69, "test_set_after_training": {"acc": 0.6344398340248962}}