{"train_set_before_training": 0.49, "global_step": 251, "average_loss": 0.33273925458195164, "train_set_after_training": 0.67, "test_set_after_training": {"acc": 0.6149377593360996}}