{"train_set_before_training": 0.49678423236514524, "global_step": 251, "average_loss": 0.6787780445677588, "train_set_after_training": 0.7106846473029046, "test_set_after_training": {"acc": 0.6941908713692946}}