{"train_set_before_training": 0.512, "global_step": 251, "average_loss": 0.3307594283575756, "train_set_after_training": 0.652, "test_set_after_training": {"acc": 0.7049792531120332}}