{"train_set_before_training": 0.474, "global_step": 5001, "average_loss": 0.05817227396400602, "train_set_after_training": 0.976, "test_set_after_training": {"acc": 0.637759336099585}}