{"train_set_before_training": 0.51, "global_step": 251, "average_loss": 0.43708572928994094, "train_set_after_training": 0.75, "test_set_after_training": {"acc": 0.6307053941908713}}