{"train_set_before_training": 0.525, "global_step": 251, "average_loss": 0.31425933327467415, "train_set_after_training": 0.698, "test_set_after_training": {"acc": 0.7174273858921162}}