{"train_set_before_training": 0.516, "global_step": 251, "average_loss": 0.23504032469860117, "train_set_after_training": 1.0, "test_set_after_training": {"acc": 0.6161825726141079}}