{"train_set_before_training": 0.5003457814661134, "global_step": 251, "average_loss": 0.64955779375783, "train_set_after_training": 0.7318464730290456, "test_set_after_training": {"acc": 0.7298755186721991}}