{"train_set_before_training": 0.49157157676348545, "global_step": 251, "average_loss": 0.6898878424677003, "train_set_after_training": 0.7087655601659751, "test_set_after_training": {"acc": 0.7016597510373443}}