{"train_set_before_training": 0.4972337482710927, "global_step": 251, "average_loss": 0.667144053196349, "train_set_after_training": 0.7233748271092669, "test_set_after_training": {"acc": 0.7008298755186722}}