{"train_set_before_training": 0.495850622406639, "global_step": 251, "average_loss": 0.6400340437236061, "train_set_after_training": 0.7352178423236515, "test_set_after_training": {"acc": 0.7186721991701245}}