{"train_set_before_training": 0.508, "global_step": 251, "average_loss": 0.2955437228811786, "train_set_after_training": 0.705, "test_set_after_training": {"acc": 0.7174273858921162}}