{"train_set_before_training": 0.5057053941908713, "global_step": 251, "average_loss": 0.653564615034131, "train_set_after_training": 0.7375518672199171, "test_set_after_training": {"acc": 0.7029045643153526}}