{"train_set_before_training": 0.49, "global_step": 251, "average_loss": 0.43209028798916127, "train_set_after_training": 0.7, "test_set_after_training": {"acc": 0.6141078838174274}}