{"train_set_before_training": 0.488, "global_step": 251, "average_loss": 0.5039550045215752, "train_set_after_training": 0.722, "test_set_after_training": {"acc": 0.6784232365145229}}