{"train_set_before_training": 0.492, "global_step": 251, "average_loss": 0.29629361726073694, "train_set_after_training": 0.679, "test_set_after_training": {"acc": 0.7099585062240664}}