{"train_set_before_training": 0.492, "global_step": 251, "average_loss": 0.29539380350917305, "train_set_after_training": 0.688, "test_set_after_training": {"acc": 0.7062240663900415}}