{"train_set_before_training": 0.538, "global_step": 251, "average_loss": 0.2939117228926764, "train_set_after_training": 0.684, "test_set_after_training": {"acc": 0.7024896265560165}}