{"train_set_before_training": 0.47, "global_step": 251, "average_loss": 0.36593556513015435, "train_set_after_training": 0.78, "test_set_after_training": {"acc": 0.6020746887966805}}