{"train_set_before_training": 0.4880116535368621, "global_step": 937, "average_loss": 0.46949365986480673, "train_set_after_training": 0.8923812485087401, "test_set_after_training": {"f1-macro": 0.8073949246629659}}