{"train_set_before_training": 0.5, "global_step": 251, "average_loss": 0.28886302143698966, "train_set_after_training": 0.82, "test_set_after_training": {"acc": 0.6091286307053941}}