{"train_set_before_training": 0.4943983402489627, "global_step": 5001, "average_loss": 0.006170428751586454, "train_set_after_training": 0.7102697095435685, "test_set_after_training": {"acc": 0.7190871369294606}}