{"train_set_before_training": 0.476, "global_step": 251, "average_loss": 0.41198674525367096, "train_set_after_training": 0.696, "test_set_after_training": {"acc": 0.6784232365145229}}