{"train_set_before_training": 0.476, "global_step": 251, "average_loss": 0.40973311317370337, "train_set_after_training": 0.668, "test_set_after_training": {"acc": 0.6858921161825726}}