{"train_set_before_training": 0.4998271092669433, "global_step": 251, "average_loss": 0.6307560941315742, "train_set_after_training": 0.7225968188105117, "test_set_after_training": {"acc": 0.7360995850622407}}