{"train_set_before_training": 0.538, "global_step": 251, "average_loss": 0.5190234265152914, "train_set_after_training": 0.896, "test_set_after_training": {"acc": 0.6796680497925311}}