{"train_set_before_training": 0.538, "global_step": 251, "average_loss": 0.5090134847330382, "train_set_after_training": 0.906, "test_set_after_training": {"acc": 0.6763485477178424}}