{"train_set_before_training": 0.516, "global_step": 251, "average_loss": 0.4072270348567916, "train_set_after_training": 0.832, "test_set_after_training": {"acc": 0.6518672199170125}}