{"train_set_before_training": 0.42518733586887625, "global_step": 5001, "average_loss": 0.1733339741670448, "train_set_after_training": 0.8482389941955029, "test_set_after_training": {"f1-macro": 0.7573644271469384}}