{"train_set_before_training": 0.487, "global_step": 5001, "average_loss": 0.07904152100649958, "train_set_after_training": 0.704, "test_set_after_training": {"acc": 0.7112033195020747}}