{"train_set_before_training": 0.487, "global_step": 5001, "average_loss": 0.08425667059644794, "train_set_after_training": 0.699, "test_set_after_training": {"acc": 0.7132780082987552}}