{"train_set_before_training": 0.49377593360995853, "global_step": 5001, "average_loss": 0.010079842193572771, "train_set_after_training": 0.7738589211618258, "test_set_after_training": {"acc": 0.7186721991701245}}