{"train_set_before_training": 0.488, "global_step": 251, "average_loss": 0.37560651340337275, "train_set_after_training": 0.672, "test_set_after_training": {"acc": 0.6933609958506224}}