{"train_set_before_training": 0.51, "global_step": 251, "average_loss": 0.43045318008686206, "train_set_after_training": 0.98, "test_set_after_training": {"acc": 0.6663900414937759}}