{"train_set_before_training": 0.3680061496870986, "global_step": 251, "average_loss": 0.4044481826810708, "train_set_after_training": 0.977999207971487, "test_set_after_training": {"f1-macro": 0.672021149988508}}