{"train_set_before_training": 0.49221991701244816, "global_step": 251, "average_loss": 0.31890339753683283, "train_set_after_training": 0.6877593360995851, "test_set_after_training": {"acc": 0.6946058091286307}}