{"train_set_before_training": 0.49844398340248963, "global_step": 251, "average_loss": 0.6031616991497131, "train_set_after_training": 0.7655601659751037, "test_set_after_training": {"acc": 0.7078838174273859}}