{"train_set_before_training": 0.49837914937759337, "global_step": 251, "average_loss": 0.6201715587204196, "train_set_after_training": 0.7205005186721992, "test_set_after_training": {"acc": 0.7232365145228216}}