{"train_set_before_training": 0.3699152962615373, "global_step": 251, "average_loss": 0.5975932986670326, "train_set_after_training": 0.7783313359146129, "test_set_after_training": {"f1-macro": 0.7143232869252298}}