{"train_set_before_training": 0.4943687018375815, "global_step": 251, "average_loss": 0.653989200038739, "train_set_after_training": 0.7111736810906936, "test_set_after_training": {"acc": 0.7112033195020747}}