{"train_set_before_training": 0.476, "global_step": 251, "average_loss": 0.29185344691785325, "train_set_after_training": 1.0, "test_set_after_training": {"acc": 0.6261410788381743}}