{"train_set_before_training": 0.5011410788381743, "global_step": 251, "average_loss": 0.6239751711547137, "train_set_after_training": 0.720643153526971, "test_set_after_training": {"acc": 0.7116182572614108}}