{"train_set_before_training": 0.35555451863603604, "global_step": 7500, "average_loss": 0.0877634615105447, "train_set_after_training": 0.9255237363059773, "test_set_after_training": {"f1-macro": 0.7638609669876326}}