{"train_set_before_training": 0.525, "global_step": 251, "average_loss": 0.4761345534774649, "train_set_after_training": 0.735, "test_set_after_training": {"acc": 0.7128630705394191}}