{"train_set_before_training": 0.525, "global_step": 251, "average_loss": 0.45060412587033977, "train_set_after_training": 0.718, "test_set_after_training": {"acc": 0.7112033195020747}}