{"train_set_before_training": 0.5055325034578146, "global_step": 251, "average_loss": 0.4377532784337274, "train_set_after_training": 0.7104080221300139, "test_set_after_training": {"acc": 0.7136929460580913}}