{"train_set_before_training": 0.512, "global_step": 251, "average_loss": 0.3759026235891079, "train_set_after_training": 0.724, "test_set_after_training": {"acc": 0.6842323651452282}}