{"train_set_before_training": 0.488, "global_step": 251, "average_loss": 0.5758306224685741, "train_set_after_training": 0.888, "test_set_after_training": {"acc": 0.6369294605809128}}