{"train_set_before_training": 0.516, "global_step": 251, "average_loss": 0.49453336051090124, "train_set_after_training": 0.768, "test_set_after_training": {"acc": 0.6726141078838175}}