{"train_set_before_training": 0.5, "global_step": 251, "average_loss": 0.4118749575607805, "train_set_after_training": 0.668, "test_set_after_training": {"acc": 0.6663900414937759}}