{"train_set_before_training": 0.5, "global_step": 251, "average_loss": 0.38566096938322797, "train_set_after_training": 0.644, "test_set_after_training": {"acc": 0.6846473029045643}}