{"train_set_before_training": 0.538, "global_step": 251, "average_loss": 0.36474593015261497, "train_set_after_training": 0.998, "test_set_after_training": {"acc": 0.6502074688796681}}