{"train_set_before_training": 0.3333333333333333, "global_step": 156, "average_loss": 0.031957097436996915, "train_set_after_training": 1.0, "test_set_after_training": {"f1-macro": 0.5046668023726797}}