{"train_set_before_training": 0.52, "global_step": 251, "average_loss": 0.35739186349458457, "train_set_after_training": 0.88, "test_set_after_training": {"acc": 0.6049792531120332}}