{"train_set_before_training": 0.5031120331950207, "global_step": 251, "average_loss": 0.307953206105116, "train_set_after_training": 0.7099325726141079, "test_set_after_training": {"acc": 0.7186721991701245}}