{"train_set_before_training": 0.493646265560166, "global_step": 251, "average_loss": 0.6365637538798776, "train_set_after_training": 0.7131094398340249, "test_set_after_training": {"acc": 0.7120331950207469}}