{"train_set_before_training": 0.417917413857089, "global_step": 5001, "average_loss": 0.006683797950370147, "train_set_after_training": 0.7301440038077722, "test_set_after_training": {"f1-macro": 0.7199814525313644}}