{"train_set_before_training": 0.31972789115646255, "global_step": 251, "average_loss": 0.09674839221980688, "train_set_after_training": 1.0, "test_set_after_training": {"f1-macro": 0.5838012184924143}}