{"train_set_before_training": 0.516, "global_step": 251, "average_loss": 0.31807874612657694, "train_set_after_training": 0.68, "test_set_after_training": {"acc": 0.6846473029045643}}