{"train_set_before_training": 0.488, "global_step": 251, "average_loss": 0.33556736660963554, "train_set_after_training": 0.674, "test_set_after_training": {"acc": 0.6896265560165975}}