{"train_set_before_training": 0.36580416032470825, "global_step": 37, "average_loss": 0.7421720593009848, "train_set_after_training": 0.7241086587436332, "test_set_after_training": {"f1-macro": 0.5687860334072661}}