{"train_set_before_training": 0.32885906040268453, "global_step": 37, "average_loss": 0.6897523126791458, "train_set_after_training": 0.8084484323016432, "test_set_after_training": {"f1-macro": 0.6003469005330765}}