{"train_set_before_training": 0.5119294605809128, "global_step": 251, "average_loss": 0.30401437153016586, "train_set_after_training": 0.7033195020746889, "test_set_after_training": {"acc": 0.7174273858921162}}