{"train_set_before_training": 0.4951590594744122, "global_step": 251, "average_loss": 0.6261083159848039, "train_set_after_training": 0.7219917012448133, "test_set_after_training": {"acc": 0.725311203319502}}