{"train_set_before_training": 0.42696498554195383, "global_step": 5001, "average_loss": 0.006423607887735063, "train_set_after_training": 0.721841725216178, "test_set_after_training": {"f1-macro": 0.715017361111111}}