{"train_set_before_training": 0.47, "global_step": 251, "average_loss": 0.35202461255939704, "train_set_after_training": 0.71, "test_set_after_training": {"acc": 0.6107883817427386}}