{"train_set_before_training": 0.525, "global_step": 251, "average_loss": 0.28360333456912923, "train_set_after_training": 0.71, "test_set_after_training": {"acc": 0.7116182572614108}}