{"train_set_before_training": 0.51, "global_step": 251, "average_loss": 0.5523950646731601, "train_set_after_training": 0.908, "test_set_after_training": {"acc": 0.6817427385892116}}