{"train_set_before_training": 0.51, "global_step": 251, "average_loss": 0.5366951066303063, "train_set_after_training": 0.904, "test_set_after_training": {"acc": 0.6900414937759336}}