{"train_set_before_training": 0.55, "global_step": 5001, "average_loss": 0.12637450001371991, "train_set_after_training": 1.0, "test_set_after_training": {"acc": 0.6286307053941909}}