{"train_set_before_training": 0.49221991701244816, "global_step": 251, "average_loss": 0.6835945486814615, "train_set_after_training": 0.758298755186722, "test_set_after_training": {"acc": 0.7070539419087137}}