{"train_set_before_training": 0.5031120331950207, "global_step": 251, "average_loss": 0.24407966352745972, "train_set_after_training": 0.7039678423236515, "test_set_after_training": {"acc": 0.7107883817427386}}