{"train_set_before_training": 0.5031120331950207, "global_step": 251, "average_loss": 0.30146224886518475, "train_set_after_training": 0.7045297372060858, "test_set_after_training": {"acc": 0.7078838174273859}}