{"train_set_before_training": 0.49, "global_step": 251, "average_loss": 0.12235219634450653, "train_set_after_training": 1.0, "test_set_after_training": {"acc": 0.5796680497925312}}