{"train_set_before_training": 0.49157157676348545, "global_step": 251, "average_loss": 0.24269217361285134, "train_set_after_training": 0.7043568464730291, "test_set_after_training": {"acc": 0.7149377593360996}}