{"train_set_before_training": 0.417917413857089, "global_step": 5001, "average_loss": 0.007094098676873079, "train_set_after_training": 0.7341531113802301, "test_set_after_training": {"f1-macro": 0.7179552629255155}}