{"train_set_before_training": 0.4931275933609959, "global_step": 5001, "average_loss": 0.005956566197421547, "train_set_after_training": 0.7254927385892116, "test_set_after_training": {"acc": 0.7315352697095435}}