{"train_set_before_training": 0.5, "global_step": 251, "average_loss": 0.34946494201519174, "train_set_after_training": 0.644, "test_set_after_training": {"acc": 0.700414937759336}}