{"train_set_before_training": 0.5, "global_step": 251, "average_loss": 0.37023012164657365, "train_set_after_training": 0.64, "test_set_after_training": {"acc": 0.6896265560165975}}