{"train_set_before_training": 0.5, "global_step": 251, "average_loss": 0.33443858582930885, "train_set_after_training": 0.69, "test_set_after_training": {"acc": 0.6136929460580913}}