{"train_set_before_training": 0.35555451863603604, "global_step": 937, "average_loss": 0.34734692792682126, "train_set_after_training": 0.881049246573137, "test_set_after_training": {"f1-macro": 0.7551414467596109}}