{"train_set_before_training": 0.4961099585062241, "global_step": 251, "average_loss": 0.47626067565909896, "train_set_after_training": 0.7186203319502075, "test_set_after_training": {"acc": 0.7095435684647303}}