{"train_set_before_training": 0.4943687018375815, "global_step": 251, "average_loss": 0.6546064639590176, "train_set_after_training": 0.7222880853586248, "test_set_after_training": {"acc": 0.7236514522821577}}