{"train_set_before_training": 0.49157157676348545, "global_step": 251, "average_loss": 0.42103132416134276, "train_set_after_training": 0.7126556016597511, "test_set_after_training": {"acc": 0.7078838174273859}}