{"train_set_before_training": 0.507857664961127, "global_step": 251, "average_loss": 0.5138084692129146, "train_set_after_training": 0.8938624457296657, "test_set_after_training": {"f1-macro": 0.6876905477620471}}