{"train_set_before_training": 0.49, "global_step": 251, "average_loss": 0.36585550160013675, "train_set_after_training": 0.76, "test_set_after_training": {"acc": 0.6224066390041494}}