{"train_set_before_training": 0.4867738589211618, "global_step": 251, "average_loss": 0.6518466557223959, "train_set_after_training": 0.7385892116182573, "test_set_after_training": {"acc": 0.7286307053941908}}