{"train_set_before_training": 0.51, "global_step": 251, "average_loss": 0.08720829350392861, "train_set_after_training": 1.0, "test_set_after_training": {"acc": 0.5863070539419087}}