{"train_set_before_training": 0.5015560165975104, "global_step": 251, "average_loss": 0.6423033649524844, "train_set_after_training": 0.7254149377593361, "test_set_after_training": {"acc": 0.725311203319502}}