{"train_set_before_training": 0.5, "global_step": 251, "average_loss": 0.4103681012835962, "train_set_after_training": 0.992, "test_set_after_training": {"acc": 0.6215767634854772}}