{"train_set_before_training": 0.512, "global_step": 251, "average_loss": 0.35570821482910814, "train_set_after_training": 1.0, "test_set_after_training": {"acc": 0.616597510373444}}