{"train_set_before_training": 0.4909751037344398, "global_step": 251, "average_loss": 0.43409674294085143, "train_set_after_training": 0.7170124481327801, "test_set_after_training": {"acc": 0.7182572614107884}}