{"train_set_before_training": 0.49974066390041494, "global_step": 251, "average_loss": 0.6379878619515088, "train_set_after_training": 0.722899377593361, "test_set_after_training": {"acc": 0.7286307053941908}}