{"train_set_before_training": 0.508, "global_step": 251, "average_loss": 0.31206228609537273, "train_set_after_training": 0.71, "test_set_after_training": {"acc": 0.7224066390041494}}