{"train_set_before_training": 0.5025933609958506, "global_step": 251, "average_loss": 0.6717545492092214, "train_set_after_training": 0.7108402489626556, "test_set_after_training": {"acc": 0.7029045643153526}}