{"train_set_before_training": 0.5051867219917012, "global_step": 251, "average_loss": 0.6505705120702426, "train_set_after_training": 0.733661825726141, "test_set_after_training": {"acc": 0.725311203319502}}