{"train_set_before_training": 0.508, "global_step": 251, "average_loss": 0.30015119465751633, "train_set_after_training": 0.693, "test_set_after_training": {"acc": 0.7157676348547718}}