{"train_set_before_training": 0.525, "global_step": 251, "average_loss": 0.26816099714854197, "train_set_after_training": 0.706, "test_set_after_training": {"acc": 0.7120331950207469}}