{"train_set_before_training": 0.525, "global_step": 251, "average_loss": 0.24358890525949375, "train_set_after_training": 0.699, "test_set_after_training": {"acc": 0.7161825726141079}}