{"train_set_before_training": 0.516, "global_step": 251, "average_loss": 0.33774799180279236, "train_set_after_training": 0.692, "test_set_after_training": {"acc": 0.6946058091286307}}