{"train_set_before_training": 0.516, "global_step": 251, "average_loss": 0.34096989701817415, "train_set_after_training": 0.668, "test_set_after_training": {"acc": 0.6842323651452282}}