{"train_set_before_training": 0.476, "global_step": 251, "average_loss": 0.29471154923147735, "train_set_after_training": 0.652, "test_set_after_training": {"acc": 0.6912863070539419}}