{"train_set_before_training": 0.36178833897971574, "global_step": 750, "average_loss": 0.2877940551213105, "train_set_after_training": 0.8589682678602686, "test_set_after_training": {"f1-macro": 0.7227213023379906}}