{"train_set_before_training": 0.4943687018375815, "global_step": 251, "average_loss": 0.6473057320215313, "train_set_after_training": 0.7174718435091879, "test_set_after_training": {"acc": 0.7190871369294606}}