{"train_set_before_training": 0.49678423236514524, "global_step": 251, "average_loss": 0.31416573900735445, "train_set_after_training": 0.6850622406639004, "test_set_after_training": {"acc": 0.6941908713692946}}