{"train_set_before_training": 0.5088174273858921, "global_step": 251, "average_loss": 0.2523133608009815, "train_set_after_training": 0.6996887966804979, "test_set_after_training": {"acc": 0.6975103734439834}}