{"train_set_before_training": 0.504, "global_step": 251, "average_loss": 0.32945409369936945, "train_set_after_training": 0.696, "test_set_after_training": {"acc": 0.7070539419087137}}