{"train_set_before_training": 0.49956777316735823, "global_step": 251, "average_loss": 0.634737748548804, "train_set_after_training": 0.7211272475795297, "test_set_after_training": {"acc": 0.7273858921161825}}