{"train_set_before_training": 0.36178833897971574, "global_step": 251, "average_loss": 0.5547612969628145, "train_set_after_training": 0.8649404387334815, "test_set_after_training": {"f1-macro": 0.6935239164345213}}