{"train_set_before_training": 0.51, "global_step": 251, "average_loss": 0.5462560578587046, "train_set_after_training": 0.902, "test_set_after_training": {"acc": 0.687551867219917}}