{"train_set_before_training": 0.4975363070539419, "global_step": 251, "average_loss": 0.6518880874809041, "train_set_after_training": 0.7286047717842323, "test_set_after_training": {"acc": 0.7240663900414938}}