{"train_set_before_training": 0.51, "global_step": 251, "average_loss": 0.2914321193943705, "train_set_after_training": 0.684, "test_set_after_training": {"acc": 0.712448132780083}}