{"train_set_before_training": 0.51, "global_step": 251, "average_loss": 0.29382857870991413, "train_set_after_training": 0.674, "test_set_after_training": {"acc": 0.7095435684647303}}