{"train_set_before_training": 0.499896265560166, "global_step": 251, "average_loss": 0.6377343413126896, "train_set_after_training": 0.7235477178423236, "test_set_after_training": {"acc": 0.7302904564315352}}