{"train_set_before_training": 0.538, "global_step": 251, "average_loss": 0.28439784111650807, "train_set_after_training": 0.692, "test_set_after_training": {"acc": 0.7103734439834025}}