{"train_set_before_training": 0.49464038727524207, "global_step": 251, "average_loss": 0.647574610741015, "train_set_after_training": 0.7311549100968188, "test_set_after_training": {"acc": 0.7257261410788381}}