{"train_set_before_training": 0.495850622406639, "global_step": 251, "average_loss": 0.6680510041129541, "train_set_after_training": 0.729253112033195, "test_set_after_training": {"acc": 0.7136929460580913}}