{"train_set_before_training": 0.47, "global_step": 251, "average_loss": 0.15787826997410706, "train_set_after_training": 1.0, "test_set_after_training": {"acc": 0.5941908713692946}}