{"train_set_before_training": 0.49807350326022526, "global_step": 251, "average_loss": 0.6391390372379367, "train_set_after_training": 0.7208802608180201, "test_set_after_training": {"acc": 0.7236514522821577}}