{"train_set_before_training": 0.4972337482710927, "global_step": 251, "average_loss": 0.2962786322725107, "train_set_after_training": 0.7000345781466113, "test_set_after_training": {"acc": 0.7}}