{"train_set_before_training": 0.49956777316735823, "global_step": 251, "average_loss": 0.6273200474531052, "train_set_after_training": 0.7251901798063624, "test_set_after_training": {"acc": 0.7282157676348547}}