{"train_set_before_training": 0.417917413857089, "global_step": 5001, "average_loss": 0.007248679077214199, "train_set_after_training": 0.7281682253556672, "test_set_after_training": {"f1-macro": 0.7154005832133162}}