{"train_set_before_training": 0.5031120331950207, "global_step": 251, "average_loss": 0.2780578995918469, "train_set_after_training": 0.7053941908713693, "test_set_after_training": {"acc": 0.7157676348547718}}