{"train_set_before_training": 0.538, "global_step": 251, "average_loss": 0.49915305728026, "train_set_after_training": 0.944, "test_set_after_training": {"acc": 0.6605809128630705}}