{"train_set_before_training": 0.538, "global_step": 251, "average_loss": 0.5148549442702675, "train_set_after_training": 0.93, "test_set_after_training": {"acc": 0.6614107883817427}}