{"train_set_before_training": 0.4920470262793914, "global_step": 5001, "average_loss": 0.004562651903798229, "train_set_after_training": 0.725103734439834, "test_set_after_training": {"acc": 0.725311203319502}}