{"train_set_before_training": 0.5031120331950207, "global_step": 251, "average_loss": 0.6434751730931707, "train_set_after_training": 0.716804979253112, "test_set_after_training": {"acc": 0.7186721991701245}}