{"train_set_before_training": 0.4924792531120332, "global_step": 251, "average_loss": 0.43596999706427725, "train_set_after_training": 0.7193983402489627, "test_set_after_training": {"acc": 0.7095435684647303}}