{"train_set_before_training": 0.49844398340248963, "global_step": 251, "average_loss": 0.24625383743627158, "train_set_after_training": 0.6970954356846473, "test_set_after_training": {"acc": 0.7016597510373443}}