{"train_set_before_training": 0.51, "global_step": 251, "average_loss": 0.49693525522813736, "train_set_after_training": 0.734, "test_set_after_training": {"acc": 0.7029045643153526}}