{"train_set_before_training": 0.5031120331950207, "global_step": 251, "average_loss": 0.2831737472431315, "train_set_after_training": 0.7003803596127247, "test_set_after_training": {"acc": 0.7132780082987552}}