{"train_set_before_training": 0.5035269709543568, "global_step": 251, "average_loss": 0.24419358401629793, "train_set_after_training": 0.700311203319502, "test_set_after_training": {"acc": 0.7136929460580913}}