{"train_set_before_training": 0.492, "global_step": 251, "average_loss": 0.5763893428729825, "train_set_after_training": 0.85, "test_set_after_training": {"acc": 0.6887966804979253}}