{"train_set_before_training": 0.4867738589211618, "global_step": 251, "average_loss": 0.6478358591457762, "train_set_after_training": 0.7238070539419087, "test_set_after_training": {"acc": 0.716597510373444}}