{"train_set_before_training": 0.51, "global_step": 251, "average_loss": 0.5666082378076129, "train_set_after_training": 0.892, "test_set_after_training": {"acc": 0.687551867219917}}