{"train_set_before_training": 0.51, "global_step": 251, "average_loss": 0.5574750123523264, "train_set_after_training": 0.912, "test_set_after_training": {"acc": 0.6813278008298755}}