{"train_set_before_training": 0.5031120331950207, "global_step": 251, "average_loss": 0.24872113976419338, "train_set_after_training": 0.701417704011065, "test_set_after_training": {"acc": 0.703734439834025}}