{"train_set_before_training": 0.492, "global_step": 251, "average_loss": 0.4664763860465714, "train_set_after_training": 0.723, "test_set_after_training": {"acc": 0.7087136929460581}}