{"train_set_before_training": 0.32885906040268453, "global_step": 251, "average_loss": 0.10974356117222339, "train_set_after_training": 1.0, "test_set_after_training": {"f1-macro": 0.5871262739954758}}