{"train_set_before_training": 0.5031120331950207, "global_step": 251, "average_loss": 0.44788959483658725, "train_set_after_training": 0.7121369294605809, "test_set_after_training": {"acc": 0.7103734439834025}}