{"train_set_before_training": 0.49678423236514524, "global_step": 251, "average_loss": 0.3009728607735541, "train_set_after_training": 0.6893153526970954, "test_set_after_training": {"acc": 0.6970954356846473}}