{"train_set_before_training": 0.538, "global_step": 251, "average_loss": 0.5176385841647764, "train_set_after_training": 0.912, "test_set_after_training": {"acc": 0.645643153526971}}