{"train_set_before_training": 0.512, "global_step": 251, "average_loss": 0.21172933665960397, "train_set_after_training": 1.0, "test_set_after_training": {"acc": 0.5995850622406639}}