{"train_set_before_training": 0.51, "global_step": 251, "average_loss": 0.3314198790052238, "train_set_after_training": 0.69, "test_set_after_training": {"acc": 0.6240663900414938}}