{"train_set_before_training": 0.504, "global_step": 251, "average_loss": 0.2952891469358437, "train_set_after_training": 0.672, "test_set_after_training": {"acc": 0.7091286307053942}}