{"train_set_before_training": 0.504, "global_step": 251, "average_loss": 0.3171721602554908, "train_set_after_training": 0.678, "test_set_after_training": {"acc": 0.7136929460580913}}