{"train_set_before_training": 0.35555451863603604, "global_step": 251, "average_loss": 0.6051899908454643, "train_set_after_training": 0.7807438704308303, "test_set_after_training": {"f1-macro": 0.727190594059406}}