{"train_set_before_training": 0.4943983402489627, "global_step": 5001, "average_loss": 0.00591732776337718, "train_set_after_training": 0.7129668049792531, "test_set_after_training": {"acc": 0.7203319502074689}}