{"train_set_before_training": 0.4943687018375815, "global_step": 251, "average_loss": 0.6553314838157707, "train_set_after_training": 0.7116182572614108, "test_set_after_training": {"acc": 0.7182572614107884}}