{"train_set_before_training": 0.49118257261410786, "global_step": 251, "average_loss": 0.4959258314517078, "train_set_after_training": 0.7164591977869986, "test_set_after_training": {"acc": 0.7157676348547718}}