{"train_set_before_training": 0.51, "global_step": 251, "average_loss": 0.2934250628340997, "train_set_after_training": 0.694, "test_set_after_training": {"acc": 0.716597510373444}}