{"train_set_before_training": 0.504, "global_step": 251, "average_loss": 0.4934901311952784, "train_set_after_training": 0.736, "test_set_after_training": {"acc": 0.6937759336099585}}