{"train_set_before_training": 0.504, "global_step": 251, "average_loss": 0.5032056007400689, "train_set_after_training": 0.734, "test_set_after_training": {"acc": 0.6854771784232365}}