{"train_set_before_training": 0.5, "global_step": 251, "average_loss": 0.5308006304906184, "train_set_after_training": 0.764, "test_set_after_training": {"acc": 0.6717842323651452}}