{"train_set_before_training": 0.5, "global_step": 251, "average_loss": 0.5306553898074949, "train_set_after_training": 0.784, "test_set_after_training": {"acc": 0.6593360995850622}}