{"train_set_before_training": 0.516, "global_step": 251, "average_loss": 0.3956943684224173, "train_set_after_training": 0.988, "test_set_after_training": {"acc": 0.6278008298755187}}