{"train_set_before_training": 0.47, "global_step": 251, "average_loss": 0.14860709820849918, "train_set_after_training": 1.0, "test_set_after_training": {"acc": 0.5946058091286307}}