{"train_set_before_training": 0.4973325429756965, "global_step": 251, "average_loss": 0.6649144255366933, "train_set_after_training": 0.6980586840545346, "test_set_after_training": {"acc": 0.7062240663900415}}