{"train_set_before_training": 0.5, "global_step": 251, "average_loss": 0.38441616328353384, "train_set_after_training": 0.648, "test_set_after_training": {"acc": 0.683402489626556}}