{"train_set_before_training": 0.5, "global_step": 251, "average_loss": 0.3440144771473033, "train_set_after_training": 0.656, "test_set_after_training": {"acc": 0.6921161825726141}}