{"train_set_before_training": 0.476, "global_step": 251, "average_loss": 0.38069378297620143, "train_set_after_training": 0.988, "test_set_after_training": {"acc": 0.6257261410788382}}