{"train_set_before_training": 0.5, "global_step": 251, "average_loss": 0.25129951774692294, "train_set_after_training": 0.9, "test_set_after_training": {"acc": 0.47759336099585065}}