{"train_set_before_training": 0.476, "global_step": 251, "average_loss": 0.3505718265479223, "train_set_after_training": 0.636, "test_set_after_training": {"acc": 0.6946058091286307}}