{"train_set_before_training": 0.504, "global_step": 251, "average_loss": 0.3076687155231607, "train_set_after_training": 0.698, "test_set_after_training": {"acc": 0.7024896265560165}}