{"train_set_before_training": 0.3693756062548391, "global_step": 7500, "average_loss": 0.11098821116629527, "train_set_after_training": 0.9515905117403011, "test_set_after_training": {"f1-macro": 0.825212566254417}}