{"train_set_before_training": 0.495850622406639, "global_step": 251, "average_loss": 0.6676208631866482, "train_set_after_training": 0.712396265560166, "test_set_after_training": {"acc": 0.7033195020746889}}