{"train_set_before_training": 0.474, "global_step": 5001, "average_loss": 0.08189788335762242, "train_set_after_training": 0.678, "test_set_after_training": {"acc": 0.7153526970954357}}