{"train_set_before_training": 0.508, "global_step": 251, "average_loss": 0.3294164634525843, "train_set_after_training": 0.703, "test_set_after_training": {"acc": 0.7136929460580913}}