{"train_set_before_training": 0.5025933609958506, "global_step": 251, "average_loss": 0.6732393321822364, "train_set_after_training": 0.7131742738589212, "test_set_after_training": {"acc": 0.7141078838174274}}