{"train_set_before_training": 0.4505494505494506, "global_step": 156, "average_loss": 0.018519396733235903, "train_set_after_training": 1.0, "test_set_after_training": {"f1-macro": 0.5297781164594593}}