{"train_set_before_training": 0.5031120331950207, "global_step": 251, "average_loss": 0.43478654044405723, "train_set_after_training": 0.7197441217150761, "test_set_after_training": {"acc": 0.7211618257261411}}