{"train_set_before_training": 0.49464038727524207, "global_step": 251, "average_loss": 0.6468715649914456, "train_set_after_training": 0.7261410788381742, "test_set_after_training": {"acc": 0.7186721991701245}}