{"train_set_before_training": 0.538, "global_step": 251, "average_loss": 0.35876572562893666, "train_set_after_training": 0.988, "test_set_after_training": {"acc": 0.6460580912863071}}