{"train_set_before_training": 0.3333333333333333, "global_step": 30, "average_loss": 0.41576026429344587, "train_set_after_training": 0.5833333333333333, "test_set_after_training": {"f1-macro": 0.4522802061367613}}