{"train_set_before_training": 0.49678423236514524, "global_step": 251, "average_loss": 0.4642427089063829, "train_set_after_training": 0.7054979253112034, "test_set_after_training": {"acc": 0.7049792531120332}}