{"train_set_before_training": 0.504, "global_step": 251, "average_loss": 0.40596380538911936, "train_set_after_training": 0.992, "test_set_after_training": {"acc": 0.6406639004149378}}