{"train_set_before_training": 0.5, "global_step": 251, "average_loss": 0.33265521341101806, "train_set_after_training": 0.88, "test_set_after_training": {"acc": 0.6037344398340249}}