{"train_set_before_training": 0.49678423236514524, "global_step": 251, "average_loss": 0.32959440210880525, "train_set_after_training": 0.7010373443983402, "test_set_after_training": {"acc": 0.7099585062240664}}