{"train_set_before_training": 0.5031120331950207, "global_step": 251, "average_loss": 0.6508655536370686, "train_set_after_training": 0.7283886583679114, "test_set_after_training": {"acc": 0.7257261410788381}}