{"train_set_before_training": 0.52, "global_step": 5001, "average_loss": 0.1330935003993788, "train_set_after_training": 1.0, "test_set_after_training": {"acc": 0.5867219917012448}}