{"train_set_before_training": 0.33659290833490046, "global_step": 251, "average_loss": 0.41701611541828465, "train_set_after_training": 0.9699797062814464, "test_set_after_training": {"f1-macro": 0.6450975585945045}}