{"train_set_before_training": 0.495850622406639, "global_step": 251, "average_loss": 0.6661467393674698, "train_set_after_training": 0.7258817427385892, "test_set_after_training": {"acc": 0.7107883817427386}}