{"train_set_before_training": 0.3580912826214086, "global_step": 3750, "average_loss": 0.18857676182456004, "train_set_after_training": 0.9477949862304775, "test_set_after_training": {"f1-macro": 0.8291862113456463}}