{"train_set_before_training": 0.4916271487848251, "global_step": 5001, "average_loss": 0.003952281662627446, "train_set_after_training": 0.7222880853586248, "test_set_after_training": {"acc": 0.7302904564315352}}