{"train_set_before_training": 0.508, "global_step": 251, "average_loss": 0.5386400958634467, "train_set_after_training": 0.879, "test_set_after_training": {"acc": 0.7049792531120332}}