{"train_set_before_training": 0.512, "global_step": 251, "average_loss": 0.33877033065351475, "train_set_after_training": 0.712, "test_set_after_training": {"acc": 0.6846473029045643}}