{"train_set_before_training": 0.5055325034578146, "global_step": 251, "average_loss": 0.2920920507077024, "train_set_after_training": 0.7143845089903181, "test_set_after_training": {"acc": 0.7195020746887967}}