{"train_set_before_training": 0.516, "global_step": 251, "average_loss": 0.3371051628554455, "train_set_after_training": 0.676, "test_set_after_training": {"acc": 0.6800829875518672}}