{"train_set_before_training": 0.4951590594744122, "global_step": 251, "average_loss": 0.6438993591058302, "train_set_after_training": 0.7225968188105117, "test_set_after_training": {"acc": 0.7224066390041494}}