{"train_set_before_training": 0.49157157676348545, "global_step": 251, "average_loss": 0.2997528316603372, "train_set_after_training": 0.7095435684647303, "test_set_after_training": {"acc": 0.7132780082987552}}