{"train_set_before_training": 0.538, "global_step": 251, "average_loss": 0.4724628659915105, "train_set_after_training": 0.738, "test_set_after_training": {"acc": 0.6941908713692946}}