{"train_set_before_training": 0.4913122406639004, "global_step": 5001, "average_loss": 0.003940062033263579, "train_set_after_training": 0.7184258298755186, "test_set_after_training": {"acc": 0.7286307053941908}}