{"train_set_before_training": 0.3399155719090645, "global_step": 937, "average_loss": 0.35222207017268625, "train_set_after_training": 0.8724760688109509, "test_set_after_training": {"f1-macro": 0.7368490322938168}}