{"train_set_before_training": 0.47, "global_step": 251, "average_loss": 0.33444933970579394, "train_set_after_training": 0.71, "test_set_after_training": {"acc": 0.6070539419087136}}