{"train_set_before_training": 0.35555451863603604, "global_step": 1875, "average_loss": 0.23756801519008974, "train_set_after_training": 0.903858233196342, "test_set_after_training": {"f1-macro": 0.7627464291156953}}