{"train_set_before_training": 0.4773333333333334, "global_step": 75, "average_loss": 0.4745423414783242, "train_set_after_training": 0.7487689679429204, "test_set_after_training": {"f1-macro": 0.5606824115111408}}