{"train_set_before_training": 0.6703296703296704, "global_step": 5001, "average_loss": 0.10944852517471344, "train_set_after_training": 1.0, "test_set_after_training": {"f1-macro": 0.531234657683985}}