{"train_set_before_training": 0.4828838174273859, "global_step": 251, "average_loss": 0.6120483660068645, "train_set_after_training": 0.7733402489626556, "test_set_after_training": {"acc": 0.7211618257261411}}