{"train_set_before_training": 0.4924792531120332, "global_step": 251, "average_loss": 0.2634449868328012, "train_set_after_training": 0.7098029045643154, "test_set_after_training": {"acc": 0.7053941908713693}}