{"train_set_before_training": 0.525, "global_step": 251, "average_loss": 0.27553268800319386, "train_set_after_training": 0.71, "test_set_after_training": {"acc": 0.7182572614107884}}