{"train_set_before_training": 0.525, "global_step": 251, "average_loss": 0.24695956329508978, "train_set_after_training": 0.707, "test_set_after_training": {"acc": 0.7103734439834025}}