{"train_set_before_training": 0.49157157676348545, "global_step": 251, "average_loss": 0.42706810189383215, "train_set_after_training": 0.7051348547717843, "test_set_after_training": {"acc": 0.7095435684647303}}