{"train_set_before_training": 0.3685661140778621, "global_step": 251, "average_loss": 0.6373127052927783, "train_set_after_training": 0.7322643629502519, "test_set_after_training": {"f1-macro": 0.7113919872367933}}