{"train_set_before_training": 0.504, "global_step": 251, "average_loss": 0.576075520173487, "train_set_after_training": 0.89, "test_set_after_training": {"acc": 0.6622406639004149}}