{"train_set_before_training": 0.504, "global_step": 251, "average_loss": 0.5905286940445463, "train_set_after_training": 0.882, "test_set_after_training": {"acc": 0.6614107883817427}}