{"train_set_before_training": 0.492, "global_step": 251, "average_loss": 0.5730741159077659, "train_set_after_training": 0.856, "test_set_after_training": {"acc": 0.6867219917012448}}