{"train_set_before_training": 0.4953319502074689, "global_step": 251, "average_loss": 0.6573031860221905, "train_set_after_training": 0.7075726141078839, "test_set_after_training": {"acc": 0.6966804979253112}}