{"train_set_before_training": 0.4913122406639004, "global_step": 5001, "average_loss": 0.004778026390500931, "train_set_after_training": 0.7192038381742739, "test_set_after_training": {"acc": 0.7377593360995851}}