{"train_set_before_training": 0.492, "global_step": 251, "average_loss": 0.2980048643602281, "train_set_after_training": 0.699, "test_set_after_training": {"acc": 0.7157676348547718}}