{"train_set_before_training": 0.49118257261410786, "global_step": 251, "average_loss": 0.6716751904779696, "train_set_after_training": 0.7183609958506224, "test_set_after_training": {"acc": 0.7062240663900415}}