{"train_set_before_training": 0.49636929460580914, "global_step": 251, "average_loss": 0.3073540911805701, "train_set_after_training": 0.6929460580912863, "test_set_after_training": {"acc": 0.6925311203319502}}