{"train_set_before_training": 0.49837914937759337, "global_step": 251, "average_loss": 0.6334463674352464, "train_set_after_training": 0.7184906639004149, "test_set_after_training": {"acc": 0.7195020746887967}}