{"train_set_before_training": 0.4943983402489627, "global_step": 5001, "average_loss": 0.0045081760787429375, "train_set_after_training": 0.7204356846473029, "test_set_after_training": {"acc": 0.7257261410788381}}