{"train_set_before_training": 0.4972337482710927, "global_step": 251, "average_loss": 0.26718935731437105, "train_set_after_training": 0.7052213001383126, "test_set_after_training": {"acc": 0.7049792531120332}}