{"train_set_before_training": 0.4924792531120332, "global_step": 251, "average_loss": 0.3082678146869968, "train_set_after_training": 0.7074688796680498, "test_set_after_training": {"acc": 0.6983402489626556}}