{"train_set_before_training": 0.5015560165975104, "global_step": 251, "average_loss": 0.3251119783204754, "train_set_after_training": 0.695850622406639, "test_set_after_training": {"acc": 0.7091286307053942}}