{"train_set_before_training": 0.4916271487848251, "global_step": 5001, "average_loss": 0.005502698547768993, "train_set_after_training": 0.7026526378186129, "test_set_after_training": {"acc": 0.7203319502074689}}