{"train_set_before_training": 0.49636929460580914, "global_step": 251, "average_loss": 0.3405932621943182, "train_set_after_training": 0.6907417012448133, "test_set_after_training": {"acc": 0.695850622406639}}