{"train_set_before_training": 0.49221991701244816, "global_step": 251, "average_loss": 0.39950499817380214, "train_set_after_training": 0.7100622406639004, "test_set_after_training": {"acc": 0.6970954356846473}}