{"train_set_before_training": 0.49118257261410786, "global_step": 251, "average_loss": 0.653897319159719, "train_set_after_training": 0.7268326417704011, "test_set_after_training": {"acc": 0.7012448132780082}}