{"train_set_before_training": 0.508, "global_step": 251, "average_loss": 0.30231771820300885, "train_set_after_training": 0.698, "test_set_after_training": {"acc": 0.7195020746887967}}