{"train_set_before_training": 0.504, "global_step": 251, "average_loss": 0.2811706404859595, "train_set_after_training": 0.67, "test_set_after_training": {"acc": 0.7049792531120332}}