{"train_set_before_training": 0.5088174273858921, "global_step": 251, "average_loss": 0.6659424879488005, "train_set_after_training": 0.7305497925311203, "test_set_after_training": {"acc": 0.703734439834025}}