{"train_set_before_training": 0.47, "global_step": 251, "average_loss": 0.32563608728972565, "train_set_after_training": 0.97, "test_set_after_training": {"acc": 0.5991701244813278}}