{"train_set_before_training": 0.47, "global_step": 251, "average_loss": 0.3334790997843043, "train_set_after_training": 0.94, "test_set_after_training": {"acc": 0.6186721991701245}}