{"train_set_before_training": 0.525, "global_step": 251, "average_loss": 0.6224348350053289, "train_set_after_training": 0.809, "test_set_after_training": {"acc": 0.7045643153526971}}