{"train_set_before_training": 0.525, "global_step": 251, "average_loss": 0.610585990996356, "train_set_after_training": 0.813, "test_set_after_training": {"acc": 0.6970954356846473}}