{"train_set_before_training": 0.512, "global_step": 251, "average_loss": 0.5088042754130772, "train_set_after_training": 0.796, "test_set_after_training": {"acc": 0.6568464730290456}}