{"train_set_before_training": 0.5011410788381743, "global_step": 251, "average_loss": 0.6292706413038698, "train_set_after_training": 0.7181535269709544, "test_set_after_training": {"acc": 0.7178423236514523}}