{"train_set_before_training": 0.5011410788381743, "global_step": 251, "average_loss": 0.627157005655813, "train_set_after_training": 0.7263485477178423, "test_set_after_training": {"acc": 0.729460580912863}}