{"train_set_before_training": 0.417917413857089, "global_step": 5001, "average_loss": 0.21068206769005582, "train_set_after_training": 0.8950952463091545, "test_set_after_training": {"f1-macro": 0.8256197909324458}}