{"train_set_before_training": 0.4966804979253112, "global_step": 251, "average_loss": 0.6528634099490139, "train_set_after_training": 0.7172199170124481, "test_set_after_training": {"acc": 0.7120331950207469}}