{"train_set_before_training": 0.4943983402489627, "global_step": 5001, "average_loss": 0.006492533089614562, "train_set_after_training": 0.7033195020746889, "test_set_after_training": {"acc": 0.7145228215767635}}