{"train_set_before_training": 0.52, "global_step": 251, "average_loss": 0.06762888059922145, "train_set_after_training": 1.0, "test_set_after_training": {"acc": 0.5896265560165975}}