{"train_set_before_training": 0.5, "global_step": 251, "average_loss": 0.015066994273542534, "train_set_after_training": 1.0, "test_set_after_training": {"acc": 0.5132780082987551}}