{"train_set_before_training": 0.417917413857089, "global_step": 5001, "average_loss": 0.005129756947209512, "train_set_after_training": 0.7393898022388937, "test_set_after_training": {"f1-macro": 0.7280192069886664}}