{"train_set_before_training": 0.5055325034578146, "global_step": 251, "average_loss": 0.2541410074065128, "train_set_after_training": 0.6979598893499308, "test_set_after_training": {"acc": 0.7053941908713693}}