{"train_set_before_training": 0.4949429460580913, "global_step": 251, "average_loss": 0.6516734050267721, "train_set_after_training": 0.7225103734439834, "test_set_after_training": {"acc": 0.7087136929460581}}