{"train_set_before_training": 0.49, "global_step": 251, "average_loss": 0.33804587967994354, "train_set_after_training": 0.71, "test_set_after_training": {"acc": 0.5995850622406639}}