{"train_set_before_training": 0.3630094043887147, "global_step": 3000, "average_loss": 0.12948497709951093, "train_set_after_training": 0.875987598759876, "test_set_after_training": {"f1-macro": 0.7293872123212806}}