{"train_set_before_training": 0.5119294605809128, "global_step": 251, "average_loss": 0.4017994745144717, "train_set_after_training": 0.7142116182572614, "test_set_after_training": {"acc": 0.695850622406639}}