{"train_set_before_training": 0.4773333333333334, "global_step": 18, "average_loss": 0.7603416203831633, "train_set_after_training": 0.7898108297467722, "test_set_after_training": {"f1-macro": 0.5528438674368357}}