{"train_set_before_training": 0.36580416032470825, "global_step": 251, "average_loss": 0.08731466178304333, "train_set_after_training": 1.0, "test_set_after_training": {"f1-macro": 0.5861776638475669}}