{"train_set_before_training": 0.33873389060545633, "global_step": 750, "average_loss": 0.297519721990587, "train_set_after_training": 0.8599546252985967, "test_set_after_training": {"f1-macro": 0.7263613861386139}}