{"train_set_before_training": 0.499896265560166, "global_step": 251, "average_loss": 0.6330762525419315, "train_set_after_training": 0.7056016597510374, "test_set_after_training": {"acc": 0.6966804979253112}}