{"train_set_before_training": 0.31972789115646255, "global_step": 75, "average_loss": 0.571460460399588, "train_set_after_training": 0.7596153846153846, "test_set_after_training": {"f1-macro": 0.5412638068009155}}