{"train_set_before_training": 0.492, "global_step": 251, "average_loss": 0.46807985105347705, "train_set_after_training": 0.729, "test_set_after_training": {"acc": 0.7228215767634855}}