{"train_set_before_training": 0.492, "global_step": 251, "average_loss": 0.46816799936740033, "train_set_after_training": 0.726, "test_set_after_training": {"acc": 0.7020746887966804}}