{"train_set_before_training": 0.5, "global_step": 251, "average_loss": 0.31341036887207735, "train_set_after_training": 0.76, "test_set_after_training": {"acc": 0.5846473029045643}}