{"train_set_before_training": 0.5119294605809128, "global_step": 251, "average_loss": 0.24460230228076948, "train_set_after_training": 0.703838174273859, "test_set_after_training": {"acc": 0.708298755186722}}