{"train_set_before_training": 0.3685661140778621, "global_step": 2812, "average_loss": 0.271282670098928, "train_set_after_training": 0.9437252297664197, "test_set_after_training": {"f1-macro": 0.8538941528337538}}