{"train_set_before_training": 0.5057053941908713, "global_step": 251, "average_loss": 0.28512113823984897, "train_set_after_training": 0.6986514522821576, "test_set_after_training": {"acc": 0.6995850622406639}}