{"train_set_before_training": 0.42518733586887625, "global_step": 5001, "average_loss": 0.008026315202353237, "train_set_after_training": 0.7538124641827157, "test_set_after_training": {"f1-macro": 0.7122770211291475}}