{"train_set_before_training": 0.47, "global_step": 251, "average_loss": 0.3119872578039888, "train_set_after_training": 0.72, "test_set_after_training": {"acc": 0.6190871369294606}}