{"train_set_before_training": 0.5035269709543568, "global_step": 251, "average_loss": 0.6525296117160544, "train_set_after_training": 0.712344398340249, "test_set_after_training": {"acc": 0.7049792531120332}}