{"train_set_before_training": 0.49221991701244816, "global_step": 251, "average_loss": 0.29675927478750513, "train_set_after_training": 0.6939834024896265, "test_set_after_training": {"acc": 0.6975103734439834}}