{"train_set_before_training": 0.5088174273858921, "global_step": 251, "average_loss": 0.43276816229354514, "train_set_after_training": 0.7152489626556017, "test_set_after_training": {"acc": 0.708298755186722}}