{"train_set_before_training": 0.4909751037344398, "global_step": 251, "average_loss": 0.29067195415384584, "train_set_after_training": 0.6893153526970954, "test_set_after_training": {"acc": 0.6946058091286307}}