{"train_set_before_training": 0.499896265560166, "global_step": 251, "average_loss": 0.6377433830523396, "train_set_after_training": 0.7215767634854772, "test_set_after_training": {"acc": 0.7298755186721991}}