{"train_set_before_training": 0.525, "global_step": 251, "average_loss": 0.33473862904245477, "train_set_after_training": 0.708, "test_set_after_training": {"acc": 0.7195020746887967}}