{"train_set_before_training": 0.525, "global_step": 251, "average_loss": 0.3390808964623101, "train_set_after_training": 0.715, "test_set_after_training": {"acc": 0.7199170124481328}}