{"train_set_before_training": 0.33873389060545633, "global_step": 251, "average_loss": 0.564072478960539, "train_set_after_training": 0.8358318918572618, "test_set_after_training": {"f1-macro": 0.6886145527774461}}