{"train_set_before_training": 0.476, "global_step": 251, "average_loss": 0.30925240764645784, "train_set_after_training": 0.656, "test_set_after_training": {"acc": 0.6871369294605809}}