{"train_set_before_training": 0.476, "global_step": 251, "average_loss": 0.3305749988231615, "train_set_after_training": 0.676, "test_set_after_training": {"acc": 0.6842323651452282}}