{"train_set_before_training": 0.516, "global_step": 251, "average_loss": 0.3435789665976721, "train_set_after_training": 0.632, "test_set_after_training": {"acc": 0.6970954356846473}}