{"train_set_before_training": 0.49844398340248963, "global_step": 251, "average_loss": 0.4286637893790728, "train_set_after_training": 0.720954356846473, "test_set_after_training": {"acc": 0.7058091286307054}}