{"train_set_before_training": 0.4972337482710927, "global_step": 251, "average_loss": 0.34086328971364804, "train_set_after_training": 0.7076417704011065, "test_set_after_training": {"acc": 0.7078838174273859}}