{"train_set_before_training": 0.508, "global_step": 251, "average_loss": 0.6225337275856757, "train_set_after_training": 0.795, "test_set_after_training": {"acc": 0.7153526970954357}}