{"train_set_before_training": 0.492, "global_step": 251, "average_loss": 0.2789080601742823, "train_set_after_training": 0.706, "test_set_after_training": {"acc": 0.7128630705394191}}