{"train_set_before_training": 0.5119294605809128, "global_step": 251, "average_loss": 0.2457273645130305, "train_set_after_training": 0.6908713692946058, "test_set_after_training": {"acc": 0.6975103734439834}}