{"train_set_before_training": 0.504, "global_step": 251, "average_loss": 0.3343893439433374, "train_set_after_training": 0.694, "test_set_after_training": {"acc": 0.7045643153526971}}