{"train_set_before_training": 0.52, "global_step": 251, "average_loss": 0.31450742697974005, "train_set_after_training": 0.8, "test_set_after_training": {"acc": 0.5975103734439834}}