{"train_set_before_training": 0.5031120331950207, "global_step": 251, "average_loss": 0.4033043434508553, "train_set_after_training": 0.7100622406639004, "test_set_after_training": {"acc": 0.7182572614107884}}