{"train_set_before_training": 0.5015560165975104, "global_step": 251, "average_loss": 0.6400253942228883, "train_set_after_training": 0.7174273858921162, "test_set_after_training": {"acc": 0.7186721991701245}}