{"train_set_before_training": 0.51, "global_step": 251, "average_loss": 0.33127566006668174, "train_set_after_training": 0.68, "test_set_after_training": {"acc": 0.6074688796680497}}