{"train_set_before_training": 0.48988589211618255, "global_step": 5001, "average_loss": 0.005713399698874301, "train_set_after_training": 0.7261410788381742, "test_set_after_training": {"acc": 0.7344398340248963}}