{"train_set_before_training": 0.525, "global_step": 251, "average_loss": 0.3379868040690607, "train_set_after_training": 0.709, "test_set_after_training": {"acc": 0.7170124481327801}}