{"train_set_before_training": 0.525, "global_step": 251, "average_loss": 0.315569796763867, "train_set_after_training": 0.704, "test_set_after_training": {"acc": 0.7161825726141079}}