{"train_set_before_training": 0.504, "global_step": 5001, "average_loss": 0.18834070965850314, "train_set_after_training": 0.996, "test_set_after_training": {"acc": 0.629460580912863}}