{"train_set_before_training": 0.516, "global_step": 251, "average_loss": 0.3945456422824576, "train_set_after_training": 0.996, "test_set_after_training": {"acc": 0.6236514522821577}}