{"train_set_before_training": 0.516, "global_step": 251, "average_loss": 0.41080888035146895, "train_set_after_training": 0.996, "test_set_after_training": {"acc": 0.620746887966805}}