{"train_set_before_training": 0.488, "global_step": 251, "average_loss": 0.3384049585164688, "train_set_after_training": 0.68, "test_set_after_training": {"acc": 0.6966804979253112}}