{"train_set_before_training": 0.48557181772011637, "global_step": 251, "average_loss": 0.6287771143794683, "train_set_after_training": 0.7191965086846257, "test_set_after_training": {"f1-macro": 0.7122558389789014}}