{"train_set_before_training": 0.5, "global_step": 251, "average_loss": 0.054580636243767244, "train_set_after_training": 1.0, "test_set_after_training": {"acc": 0.4921161825726141}}