{"train_set_before_training": 0.49559128630705396, "global_step": 251, "average_loss": 0.6566382272250624, "train_set_after_training": 0.7122233748271093, "test_set_after_training": {"acc": 0.7095435684647303}}