{"train_set_before_training": 0.36178833897971574, "global_step": 187, "average_loss": 0.598436890928234, "train_set_after_training": 0.8087381625445235, "test_set_after_training": {"f1-macro": 0.6963762931983272}}