{"train_set_before_training": 0.34276540248439197, "global_step": 11250, "average_loss": 0.09614994455704114, "train_set_after_training": 0.9559977189217489, "test_set_after_training": {"f1-macro": 0.854179817884094}}