{"train_set_before_training": 0.4867738589211618, "global_step": 251, "average_loss": 0.6287248340023466, "train_set_after_training": 0.7375518672199171, "test_set_after_training": {"acc": 0.7278008298755186}}