{"train_set_before_training": 0.4998271092669433, "global_step": 251, "average_loss": 0.6340652164888096, "train_set_after_training": 0.7253630705394191, "test_set_after_training": {"acc": 0.7344398340248963}}