{"train_set_before_training": 0.504, "global_step": 251, "average_loss": 0.4321985859572294, "train_set_after_training": 0.984, "test_set_after_training": {"acc": 0.6423236514522822}}