{"train_set_before_training": 0.476, "global_step": 251, "average_loss": 0.4148583752121702, "train_set_after_training": 0.984, "test_set_after_training": {"acc": 0.6024896265560166}}