{"train_set_before_training": 0.4961099585062241, "global_step": 251, "average_loss": 0.30090769074056706, "train_set_after_training": 0.695798755186722, "test_set_after_training": {"acc": 0.6921161825726141}}