{"train_set_before_training": 0.508, "global_step": 251, "average_loss": 0.6323216023049744, "train_set_after_training": 0.819, "test_set_after_training": {"acc": 0.6966804979253112}}