{"train_set_before_training": 0.508, "global_step": 251, "average_loss": 0.638439803736737, "train_set_after_training": 0.823, "test_set_after_training": {"acc": 0.7070539419087137}}