{"train_set_before_training": 0.5051867219917012, "global_step": 251, "average_loss": 0.27234007353338774, "train_set_after_training": 0.7022821576763485, "test_set_after_training": {"acc": 0.7}}