{"train_set_before_training": 0.5, "global_step": 251, "average_loss": 0.36320244848372907, "train_set_after_training": 0.77, "test_set_after_training": {"acc": 0.6369294605809128}}