{"train_set_before_training": 0.512, "global_step": 251, "average_loss": 0.3015125256081147, "train_set_after_training": 0.668, "test_set_after_training": {"acc": 0.6900414937759336}}