{"train_set_before_training": 0.512, "global_step": 251, "average_loss": 0.3126644276022685, "train_set_after_training": 0.664, "test_set_after_training": {"acc": 0.6863070539419087}}