{"train_set_before_training": 0.4773333333333334, "global_step": 37, "average_loss": 0.6418798436234529, "train_set_after_training": 0.7398959583833533, "test_set_after_training": {"f1-macro": 0.5548503855021444}}