{"train_set_before_training": 0.5, "global_step": 251, "average_loss": 0.42995471179863787, "train_set_after_training": 0.988, "test_set_after_training": {"acc": 0.6240663900414938}}