{"train_set_before_training": 0.7, "global_step": 5001, "average_loss": 0.06570414148681343, "train_set_after_training": 1.0, "test_set_after_training": {"acc": 0.4975103734439834}}