{"train_set_before_training": 0.504, "global_step": 251, "average_loss": 0.41114295607959606, "train_set_after_training": 0.986, "test_set_after_training": {"acc": 0.6460580912863071}}